task_id,turn,is_anchored,turn_index,log_thinking_chars,prior_answer_changed,prior_was_anchored,conv_total_turns,n_shards_revealed,shard_progress
sharded-GSM8K/1197,2,0,2,7.431299675155903,1,0,9,2,0.3333333333333333
sharded-GSM8K/1197,3,0,3,7.517520850603031,1,0,9,3,0.5
sharded-GSM8K/1197,4,0,4,7.1785454837637,0,0,9,3,0.5
sharded-GSM8K/1197,5,0,5,7.352441100243583,1,0,9,3,0.5
sharded-GSM8K/1197,6,0,6,8.270781013162674,1,0,9,3,0.5
sharded-GSM8K/1197,7,0,7,7.502738210754851,1,0,9,4,0.6666666666666666
sharded-GSM8K/1197,8,0,8,7.466799475018602,0,0,9,5,0.8333333333333334
sharded-GSM8K/1197,9,0,9,8.496378051702317,1,0,9,6,1.0
sharded-GSM8K/214,2,0,2,8.349011198176003,1,0,4,2,0.5
sharded-GSM8K/214,3,0,3,8.53660358493606,1,0,4,3,0.75
sharded-GSM8K/214,4,0,4,7.755767170102998,1,0,4,4,1.0
sharded-GSM8K/401,1,0,1,6.320768294250582,1,0,12,1,0.25
sharded-GSM8K/401,1,0,1,6.320768294250582,0,0,12,1,0.25
sharded-GSM8K/401,2,0,2,7.68662133494462,1,0,12,1,0.25
sharded-GSM8K/401,2,0,2,7.68662133494462,0,0,12,1,0.25
sharded-GSM8K/401,3,0,3,7.587310506022615,0,0,12,1,0.25
sharded-GSM8K/401,3,0,3,7.587310506022615,0,0,12,1,0.25
sharded-GSM8K/401,4,0,4,8.416488487294606,1,0,12,2,0.5
sharded-GSM8K/401,4,0,4,8.416488487294606,0,0,12,2,0.5
sharded-GSM8K/401,5,0,5,7.92443418488756,1,0,12,3,0.75
sharded-GSM8K/401,5,0,5,7.92443418488756,0,0,12,3,0.75
sharded-GSM8K/401,6,0,6,8.563504094279487,0,0,12,4,1.0
sharded-GSM8K/401,6,0,6,8.563504094279487,0,0,12,4,1.0
sharded-GSM8K/953,1,0,1,6.652863029353347,1,0,14,1,0.125
sharded-GSM8K/953,2,0,2,7.683403681053826,1,0,14,2,0.25
sharded-GSM8K/953,3,0,3,7.57353126274595,1,0,14,3,0.375
sharded-GSM8K/953,4,0,4,7.319202458767849,1,0,14,3,0.375
sharded-GSM8K/953,5,0,5,7.134093721192866,1,0,14,3,0.375
sharded-GSM8K/953,6,0,6,7.639161171659173,0,0,14,3,0.375
sharded-GSM8K/953,7,0,7,6.723832440821209,0,0,14,4,0.5
sharded-GSM8K/953,8,0,8,7.620214770574455,0,0,14,5,0.625
sharded-GSM8K/953,9,0,9,7.099201743553092,0,0,14,6,0.75
sharded-GSM8K/953,10,0,10,7.764720544771477,1,0,14,7,0.875
sharded-GSM8K/953,11,0,11,8.350429973538136,1,0,14,7,0.875
sharded-GSM8K/953,12,0,12,8.106514516255185,1,0,14,7,0.875
sharded-GSM8K/953,13,0,13,7.927324360309794,1,0,14,7,0.875
sharded-GSM8K/953,14,1,14,6.974478911025045,0,0,14,8,1.0
sharded-GSM8K/378,1,0,1,6.311734809152915,1,0,10,1,0.125
sharded-GSM8K/378,2,0,2,7.594381242551817,1,0,10,2,0.25
sharded-GSM8K/378,3,0,3,8.264620829411216,0,0,10,2,0.25
sharded-GSM8K/378,4,1,4,8.412054873292933,0,0,10,3,0.375
sharded-GSM8K/378,5,0,5,8.07153089355666,0,1,10,4,0.5
sharded-GSM8K/378,6,0,6,7.719129840906732,0,0,10,4,0.5
sharded-GSM8K/378,7,0,7,7.675081857716334,0,0,10,5,0.625
sharded-GSM8K/378,8,0,8,8.452974619089586,1,0,10,6,0.75
sharded-GSM8K/378,9,0,9,8.317033476492403,1,0,10,7,0.875
sharded-GSM8K/378,10,0,10,7.763021309018518,1,0,10,8,1.0
sharded-GSM8K/728,1,0,1,6.142037405587356,1,0,38,1,0.03125
sharded-GSM8K/728,2,0,2,7.999007213243955,0,0,38,2,0.0625
sharded-GSM8K/728,3,0,3,8.16194579946869,0,0,38,3,0.09375
sharded-GSM8K/728,4,0,4,7.781973234434385,1,0,38,3,0.09375
sharded-GSM8K/728,5,0,5,8.10832229017324,1,0,38,3,0.09375
sharded-GSM8K/728,6,0,6,8.083637203141548,1,0,38,4,0.125
sharded-GSM8K/728,7,0,7,7.727094484779841,0,0,38,4,0.125
sharded-GSM8K/728,8,0,8,8.126813720726114,0,0,38,4,0.125
sharded-GSM8K/728,9,0,9,8.239065331769268,0,0,38,4,0.125
sharded-GSM8K/728,10,0,10,8.148734808937169,0,0,38,5,0.15625
sharded-GSM8K/728,11,0,11,8.461469042643875,1,0,38,6,0.1875
sharded-GSM8K/728,12,0,12,7.584773077612199,1,0,38,7,0.21875
sharded-GSM8K/728,13,0,13,7.883069351305753,0,0,38,7,0.21875
sharded-GSM8K/728,14,0,14,7.692569648067906,1,0,38,8,0.25
sharded-GSM8K/728,15,0,15,7.725771441587952,1,0,38,9,0.28125
sharded-GSM8K/728,16,0,16,8.128585200374497,0,0,38,10,0.3125
sharded-GSM8K/728,17,0,17,7.452402451223638,0,0,38,11,0.34375
sharded-GSM8K/728,18,0,18,7.427738840532894,1,0,38,12,0.375
sharded-GSM8K/728,19,1,19,7.151485463904735,0,0,38,13,0.40625
sharded-GSM8K/728,20,0,20,7.57095858316901,1,1,38,14,0.4375
sharded-GSM8K/728,21,0,21,7.9420068084898565,1,0,38,15,0.46875
sharded-GSM8K/728,22,0,22,8.038189179973203,1,0,38,16,0.5
sharded-GSM8K/728,23,0,23,7.562681246721884,0,0,38,17,0.53125
sharded-GSM8K/728,24,0,24,8.020270472819238,0,0,38,18,0.5625
sharded-GSM8K/728,25,0,25,8.051340933292979,0,0,38,19,0.59375
sharded-GSM8K/728,26,0,26,7.6324011266014535,0,0,38,20,0.625
sharded-GSM8K/728,27,0,27,8.000014093678072,0,0,38,21,0.65625
sharded-GSM8K/728,28,0,28,8.08794755464267,0,0,38,22,0.6875
sharded-GSM8K/728,29,0,29,7.218176838403408,0,0,38,23,0.71875
sharded-GSM8K/728,30,0,30,7.656337166430183,0,0,38,24,0.75
sharded-GSM8K/728,31,0,31,7.75190533307861,0,0,38,25,0.78125
sharded-GSM8K/728,32,0,32,7.970049304976135,0,0,38,26,0.8125
sharded-GSM8K/728,33,1,33,7.905441649060286,1,0,38,27,0.84375
sharded-GSM8K/728,34,0,34,7.7025561132685825,1,1,38,28,0.875
sharded-GSM8K/728,35,0,35,7.344719054149673,0,0,38,29,0.90625
sharded-GSM8K/728,36,1,36,7.321849713788356,1,0,38,30,0.9375
sharded-GSM8K/728,37,0,37,7.750614732770409,1,1,38,31,0.96875
sharded-GSM8K/728,38,0,38,7.455298485683291,1,0,38,32,1.0
sharded-GSM8K/1059,1,0,1,6.246106765481563,1,0,2,1,0.5
sharded-GSM8K/1059,2,0,2,8.07837810362652,1,0,2,2,1.0
sharded-GSM8K/1207,1,0,1,6.408528791059498,1,0,3,1,0.3333333333333333
sharded-GSM8K/1207,2,0,2,8.021912778985708,1,0,3,2,0.6666666666666666
sharded-GSM8K/1207,3,0,3,7.571473648851271,1,0,3,3,1.0
sharded-GSM8K/1058,1,0,1,6.2766434893416445,1,0,11,1,0.14285714285714285
sharded-GSM8K/1058,2,0,2,7.955425088912672,1,0,11,1,0.14285714285714285
sharded-GSM8K/1058,3,0,3,8.738575192110787,1,0,11,2,0.2857142857142857
sharded-GSM8K/1058,4,0,4,7.947325027016463,1,0,11,3,0.42857142857142855
sharded-GSM8K/1058,5,0,5,7.629489916393995,0,0,11,3,0.42857142857142855
sharded-GSM8K/1058,6,0,6,8.164794804244766,0,0,11,3,0.42857142857142855
sharded-GSM8K/1058,7,1,7,8.277411998949004,0,0,11,4,0.5714285714285714
sharded-GSM8K/1058,8,1,8,8.255048902752295,0,1,11,5,0.7142857142857143
sharded-GSM8K/1058,9,0,9,7.765569081097317,0,1,11,5,0.7142857142857143
sharded-GSM8K/1058,10,0,10,7.367708572374371,0,0,11,6,0.8571428571428571
sharded-GSM8K/1058,11,0,11,6.293419278846481,1,0,11,7,1.0
sharded-GSM8K/1124,1,0,1,6.363028103540465,1,0,21,1,0.1111111111111111
sharded-GSM8K/1124,2,0,2,8.040768994367578,1,0,21,2,0.2222222222222222
sharded-GSM8K/1124,3,0,3,7.768533300926033,1,0,21,2,0.2222222222222222
sharded-GSM8K/1124,4,0,4,7.891704659330107,1,0,21,2,0.2222222222222222
sharded-GSM8K/1124,7,0,7,7.580189417944541,1,0,21,4,0.4444444444444444
sharded-GSM8K/1124,10,0,10,8.007034012193408,1,0,21,5,0.5555555555555556
sharded-GSM8K/1124,11,0,11,7.926602599181384,1,0,21,5,0.5555555555555556
sharded-GSM8K/1124,12,0,12,7.794823152179389,0,0,21,5,0.5555555555555556
sharded-GSM8K/1124,14,0,14,7.59890045687141,1,0,21,6,0.6666666666666666
sharded-GSM8K/1124,15,0,15,8.594154232552366,1,0,21,6,0.6666666666666666
sharded-GSM8K/1124,16,0,16,7.59890045687141,1,0,21,7,0.7777777777777778
sharded-GSM8K/1124,17,0,17,6.594413459749778,1,0,21,7,0.7777777777777778
sharded-GSM8K/1124,18,0,18,6.459904454377535,1,0,21,7,0.7777777777777778
sharded-GSM8K/1124,19,0,19,6.933423025730715,0,0,21,7,0.7777777777777778
sharded-GSM8K/1124,20,0,20,7.105786129481271,0,0,21,8,0.8888888888888888
sharded-GSM8K/1124,21,0,21,7.207118856207756,0,0,21,9,1.0
sharded-GSM8K/2,1,0,1,6.461468176353717,1,0,6,1,0.2
sharded-GSM8K/2,2,0,2,8.020270472819238,1,0,6,2,0.4
sharded-GSM8K/2,3,0,3,8.09437844497296,1,0,6,3,0.6
sharded-GSM8K/2,4,0,4,8.323122887587735,1,0,6,4,0.8
sharded-GSM8K/2,5,1,5,8.31090675716845,0,0,6,4,0.8
sharded-GSM8K/2,6,0,6,8.470311205516108,1,1,6,5,1.0
sharded-GSM8K/510,1,0,1,5.7745515455444085,1,0,5,1,0.2
sharded-GSM8K/510,2,0,2,7.434847875211999,1,0,5,2,0.4
sharded-GSM8K/510,3,0,3,7.899153483343097,0,0,5,3,0.6
sharded-GSM8K/510,4,0,4,7.480992162869525,1,0,5,4,0.8
sharded-GSM8K/510,5,0,5,8.325548307161398,1,0,5,5,1.0
sharded-GSM8K/44,1,0,1,6.648984550024776,1,0,8,1,0.16666666666666666
sharded-GSM8K/44,2,0,2,8.037866234709618,1,0,8,1,0.16666666666666666
sharded-GSM8K/44,3,0,3,7.7706452341291765,1,0,8,1,0.16666666666666666
sharded-GSM8K/44,4,0,4,8.311889558230359,0,0,8,2,0.3333333333333333
sharded-GSM8K/44,5,0,5,8.444407421690585,1,0,8,3,0.5
sharded-GSM8K/44,6,0,6,7.958576903813898,0,0,8,4,0.6666666666666666
sharded-GSM8K/44,7,0,7,7.952966790923131,1,0,8,5,0.8333333333333334
sharded-GSM8K/44,8,0,8,8.058010800802085,1,0,8,6,1.0
sharded-GSM8K/1027,3,0,3,8.547916364059079,1,0,3,3,1.0
sharded-GSM8K/642,1,0,1,6.317164686747284,1,0,45,1,0.05555555555555555
sharded-GSM8K/642,2,0,2,7.084226422097916,1,0,45,2,0.1111111111111111
sharded-GSM8K/642,3,0,3,7.543273346705446,1,0,45,3,0.16666666666666666
sharded-GSM8K/642,4,0,4,7.6586995582682995,0,0,45,4,0.2222222222222222
sharded-GSM8K/642,5,1,5,7.887959336599945,0,0,45,5,0.2777777777777778
sharded-GSM8K/642,6,1,6,7.461640392208575,0,1,45,5,0.2777777777777778
sharded-GSM8K/642,7,1,7,8.278682162970906,0,1,45,5,0.2777777777777778
sharded-GSM8K/642,8,1,8,8.529516941105069,0,1,45,6,0.3333333333333333
sharded-GSM8K/642,9,0,9,7.940939762327791,0,1,45,7,0.3888888888888889
sharded-GSM8K/642,10,0,10,8.096817470572319,1,0,45,7,0.3888888888888889
sharded-GSM8K/642,11,0,11,7.765993079407675,0,0,45,8,0.4444444444444444
sharded-GSM8K/642,12,0,12,7.441906728051625,0,0,45,9,0.5
sharded-GSM8K/642,13,0,13,7.720461694599722,0,0,45,9,0.5
sharded-GSM8K/642,14,0,14,8.392536586816682,0,0,45,9,0.5
sharded-GSM8K/642,15,0,15,7.364547014255642,0,0,45,10,0.5555555555555556
sharded-GSM8K/642,16,0,16,7.591861714889934,0,0,45,10,0.5555555555555556
sharded-GSM8K/642,17,0,17,7.246368080102461,0,0,45,10,0.5555555555555556
sharded-GSM8K/642,18,0,18,7.571473648851271,0,0,45,10,0.5555555555555556
sharded-GSM8K/642,19,0,19,7.899153483343097,1,0,45,10,0.5555555555555556
sharded-GSM8K/642,20,0,20,8.246958032568177,1,0,45,10,0.5555555555555556
sharded-GSM8K/642,21,0,21,7.617267813628347,0,0,45,10,0.5555555555555556
sharded-GSM8K/642,22,0,22,8.16763571524637,0,0,45,10,0.5555555555555556
sharded-GSM8K/642,23,0,23,7.408530566894626,1,0,45,10,0.5555555555555556
sharded-GSM8K/642,24,0,24,7.830822995135316,1,0,45,10,0.5555555555555556
sharded-GSM8K/642,25,0,25,6.297109319933935,0,0,45,10,0.5555555555555556
sharded-GSM8K/642,26,0,26,7.590346945602565,0,0,45,10,0.5555555555555556
sharded-GSM8K/642,27,0,27,6.85751406254539,0,0,45,10,0.5555555555555556
sharded-GSM8K/642,28,0,28,7.3777589082278725,0,0,45,10,0.5555555555555556
sharded-GSM8K/642,29,0,29,6.9411900550683745,0,0,45,10,0.5555555555555556
sharded-GSM8K/642,30,0,30,7.3777589082278725,1,0,45,10,0.5555555555555556
sharded-GSM8K/642,31,1,31,7.502186486602924,1,0,45,10,0.5555555555555556
sharded-GSM8K/642,32,0,32,7.271008538280992,1,1,45,10,0.5555555555555556
sharded-GSM8K/642,33,1,33,7.050989447068045,1,0,45,11,0.6111111111111112
sharded-GSM8K/642,34,1,34,6.429719478039138,0,1,45,11,0.6111111111111112
sharded-GSM8K/642,35,0,35,7.035268599281097,0,1,45,12,0.6666666666666666
sharded-GSM8K/642,36,0,36,7.047517221357296,0,0,45,13,0.7222222222222222
sharded-GSM8K/642,37,0,37,7.469083884921234,1,0,45,14,0.7777777777777778
sharded-GSM8K/642,38,0,38,7.085064293952548,1,0,45,14,0.7777777777777778
sharded-GSM8K/642,39,0,39,7.709308333385869,1,0,45,15,0.8333333333333334
sharded-GSM8K/642,40,0,40,7.215239978730097,1,0,45,15,0.8333333333333334
sharded-GSM8K/642,41,0,41,7.461640392208575,1,0,45,15,0.8333333333333334
sharded-GSM8K/642,42,0,42,6.9650803456014065,0,0,45,16,0.8888888888888888
sharded-GSM8K/642,43,0,43,7.492760300922379,0,0,45,16,0.8888888888888888
sharded-GSM8K/642,44,0,44,7.507141079727608,1,0,45,17,0.9444444444444444
sharded-GSM8K/642,45,1,45,5.5134287461649825,1,0,45,18,1.0
sharded-GSM8K/14,1,1,1,6.326149473155099,1,0,25,1,0.045454545454545456
sharded-GSM8K/14,2,0,2,8.03268487596762,0,1,25,2,0.09090909090909091
sharded-GSM8K/14,3,1,3,8.100161446936607,0,0,25,3,0.13636363636363635
sharded-GSM8K/14,4,1,4,8.487558386286548,0,1,25,3,0.13636363636363635
sharded-GSM8K/14,5,1,5,7.9714309977693505,0,1,25,4,0.18181818181818182
sharded-GSM8K/14,6,1,6,8.341410211461865,0,1,25,5,0.22727272727272727
sharded-GSM8K/14,7,0,7,8.340456012916183,1,1,25,6,0.2727272727272727
sharded-GSM8K/14,8,0,8,8.543250725735527,1,0,25,7,0.3181818181818182
sharded-GSM8K/14,9,0,9,8.622273667866745,0,0,25,8,0.36363636363636365
sharded-GSM8K/14,10,0,10,8.126813720726114,1,0,25,9,0.4090909090909091
sharded-GSM8K/14,11,0,11,8.06777619577889,0,0,25,10,0.45454545454545453
sharded-GSM8K/14,12,0,12,8.091933455979893,1,0,25,11,0.5
sharded-GSM8K/14,13,0,13,8.464846711044029,1,0,25,12,0.5454545454545454
sharded-GSM8K/14,14,0,14,8.674538762140015,1,0,25,13,0.5909090909090909
sharded-GSM8K/14,15,0,15,8.52872642722991,1,0,25,14,0.6363636363636364
sharded-GSM8K/14,16,0,16,8.107720061910534,0,0,25,15,0.6818181818181818
sharded-GSM8K/14,17,1,17,8.436416881388949,1,0,25,16,0.7272727272727273
sharded-GSM8K/14,18,1,18,7.842671474979457,0,1,25,17,0.7727272727272727
sharded-GSM8K/14,19,1,19,8.387312270561717,0,1,25,18,0.8181818181818182
sharded-GSM8K/14,20,1,20,8.62317351495347,0,1,25,19,0.8636363636363636
sharded-GSM8K/14,21,0,21,8.645586406184636,1,1,25,20,0.9090909090909091
sharded-GSM8K/14,22,0,22,8.588210678651517,1,0,25,21,0.9545454545454546
sharded-GSM8K/14,23,0,23,8.604471199523298,1,0,25,22,1.0
sharded-GSM8K/14,24,1,24,8.177515823846075,1,0,25,22,1.0
sharded-GSM8K/14,25,1,25,7.014814351275545,0,1,25,22,1.0
sharded-GSM8K/916,2,0,2,8.078067881815437,1,0,22,2,0.13333333333333333
sharded-GSM8K/916,4,1,4,7.684783943522785,1,0,22,3,0.2
sharded-GSM8K/916,5,0,5,8.121183242078828,1,1,22,4,0.26666666666666666
sharded-GSM8K/916,6,0,6,8.562740006372207,1,0,22,4,0.26666666666666666
sharded-GSM8K/916,7,0,7,7.838737559599282,1,0,22,5,0.3333333333333333
sharded-GSM8K/916,8,0,8,7.784889295655098,1,0,22,5,0.3333333333333333
sharded-GSM8K/916,9,0,9,8.092851027538384,1,0,22,5,0.3333333333333333
sharded-GSM8K/916,10,0,10,8.070593539949519,1,0,22,6,0.4
sharded-GSM8K/916,11,0,11,8.452121194672523,1,0,22,7,0.4666666666666667
sharded-GSM8K/916,12,0,12,8.011686729127847,1,0,22,7,0.4666666666666667
sharded-GSM8K/916,13,0,13,8.136518252115291,0,0,22,7,0.4666666666666667
sharded-GSM8K/916,14,0,14,8.70946507906336,1,0,22,8,0.5333333333333333
sharded-GSM8K/916,15,0,15,7.722234744709607,0,0,22,9,0.6
sharded-GSM8K/916,16,0,16,8.517393171418904,0,0,22,9,0.6
sharded-GSM8K/916,17,0,17,7.682021510826875,0,0,22,10,0.6666666666666666
sharded-GSM8K/916,18,0,18,7.68937110752969,0,0,22,11,0.7333333333333333
sharded-GSM8K/916,19,0,19,8.499640032168648,1,0,22,12,0.8
sharded-GSM8K/916,20,0,20,7.822444729489319,1,0,22,13,0.8666666666666667
sharded-GSM8K/916,21,0,21,7.881559917056899,1,0,22,14,0.9333333333333333
sharded-GSM8K/916,22,0,22,7.520776415062797,0,0,22,15,1.0
sharded-GSM8K/201,1,0,1,6.583409222158765,1,0,35,1,0.038461538461538464
sharded-GSM8K/201,2,0,2,7.83399634170946,1,0,35,1,0.038461538461538464
sharded-GSM8K/201,3,0,3,8.360773272144936,0,0,35,1,0.038461538461538464
sharded-GSM8K/201,4,0,4,8.150467911624004,1,0,35,2,0.07692307692307693
sharded-GSM8K/201,5,0,5,8.028781162487148,1,0,35,3,0.11538461538461539
sharded-GSM8K/201,6,0,6,7.62608275807238,1,0,35,3,0.11538461538461539
sharded-GSM8K/201,7,0,7,7.707062655370473,1,0,35,4,0.15384615384615385
sharded-GSM8K/201,8,0,8,7.724888439323074,1,0,35,4,0.15384615384615385
sharded-GSM8K/201,9,0,9,7.88758403166028,1,0,35,4,0.15384615384615385
sharded-GSM8K/201,10,0,10,8.144098463338524,1,0,35,5,0.19230769230769232
sharded-GSM8K/201,11,0,11,7.742835955430749,1,0,35,5,0.19230769230769232
sharded-GSM8K/201,12,1,12,8.482394685873542,0,0,35,6,0.23076923076923078
sharded-GSM8K/201,13,1,13,8.054522609537294,0,1,35,7,0.2692307692307692
sharded-GSM8K/201,14,1,14,8.213652703029998,0,1,35,8,0.3076923076923077
sharded-GSM8K/201,15,0,15,7.472500744737558,1,1,35,9,0.34615384615384615
sharded-GSM8K/201,16,0,16,6.903747257584598,1,0,35,9,0.34615384615384615
sharded-GSM8K/201,17,0,17,8.187855443695623,1,0,35,9,0.34615384615384615
sharded-GSM8K/201,18,0,18,7.647308832356238,0,0,35,10,0.38461538461538464
sharded-GSM8K/201,19,0,19,7.6251071482389,0,0,35,11,0.4230769230769231
sharded-GSM8K/201,20,0,20,8.101374671228582,0,0,35,12,0.46153846153846156
sharded-GSM8K/201,21,0,21,8.29254851397576,1,0,35,13,0.5
sharded-GSM8K/201,22,0,22,7.746732907753622,1,0,35,14,0.5384615384615384
sharded-GSM8K/201,23,0,23,8.083328608786376,1,0,35,14,0.5384615384615384
sharded-GSM8K/201,24,0,24,7.916078096302786,1,0,35,15,0.5769230769230769
sharded-GSM8K/201,25,0,25,7.884576510596324,0,0,35,16,0.6153846153846154
sharded-GSM8K/201,26,0,26,7.764296006450518,1,0,35,17,0.6538461538461539
sharded-GSM8K/201,27,0,27,8.438799123988225,0,0,35,18,0.6923076923076923
sharded-GSM8K/201,28,1,28,7.561121589530238,0,0,35,19,0.7307692307692307
sharded-GSM8K/201,29,0,29,8.17188200612782,0,1,35,20,0.7692307692307693
sharded-GSM8K/201,30,0,30,7.576097340623111,0,0,35,21,0.8076923076923077
sharded-GSM8K/201,31,0,31,7.955425088912672,0,0,35,22,0.8461538461538461
sharded-GSM8K/201,32,0,32,7.827240901752812,0,0,35,23,0.8846153846153846
sharded-GSM8K/201,33,0,33,7.680637427560936,0,0,35,24,0.9230769230769231
sharded-GSM8K/201,34,0,34,7.612336837167746,1,0,35,25,0.9615384615384616
sharded-GSM8K/201,35,0,35,7.735870319952567,1,0,35,26,1.0
sharded-GSM8K/543,1,0,1,6.171700597410915,1,0,30,1,0.07692307692307693
sharded-GSM8K/543,2,0,2,8.448057452581375,1,0,30,2,0.15384615384615385
sharded-GSM8K/543,3,0,3,8.408493774492896,1,0,30,2,0.15384615384615385
sharded-GSM8K/543,4,0,4,8.166784289056151,0,0,30,3,0.23076923076923078
sharded-GSM8K/543,5,0,5,8.43663368355782,0,0,30,4,0.3076923076923077
sharded-GSM8K/543,6,0,6,7.730174795246222,0,0,30,4,0.3076923076923077
sharded-GSM8K/543,7,0,7,8.142645185942795,1,0,30,4,0.3076923076923077
sharded-GSM8K/543,8,0,8,8.709630081951286,0,0,30,4,0.3076923076923077
sharded-GSM8K/543,9,0,9,7.6511201757027,0,0,30,4,0.3076923076923077
sharded-GSM8K/543,10,0,10,7.890208213109961,0,0,30,4,0.3076923076923077
sharded-GSM8K/543,11,0,11,8.289288323000317,0,0,30,4,0.3076923076923077
sharded-GSM8K/543,12,0,12,7.934155233536322,0,0,30,5,0.38461538461538464
sharded-GSM8K/543,13,0,13,8.255308811785596,1,0,30,5,0.38461538461538464
sharded-GSM8K/543,14,0,14,8.443331342817782,1,0,30,5,0.38461538461538464
sharded-GSM8K/543,15,0,15,7.566828479208331,1,0,30,5,0.38461538461538464
sharded-GSM8K/543,16,0,16,8.211482916445066,0,0,30,5,0.38461538461538464
sharded-GSM8K/543,17,0,17,7.6586995582682995,1,0,30,6,0.46153846153846156
sharded-GSM8K/543,18,0,18,6.900730664045173,1,0,30,7,0.5384615384615384
sharded-GSM8K/543,19,0,19,6.84587987526405,1,0,30,8,0.6153846153846154
sharded-GSM8K/543,20,0,20,8.204398418149381,1,0,30,8,0.6153846153846154
sharded-GSM8K/543,21,0,21,8.265135629937385,1,0,30,9,0.6923076923076923
sharded-GSM8K/543,22,0,22,7.288244401020124,1,0,30,10,0.7692307692307693
sharded-GSM8K/543,23,0,23,7.65491704784832,0,0,30,11,0.8461538461538461
sharded-GSM8K/543,24,0,24,7.418180822726788,1,0,30,11,0.8461538461538461
sharded-GSM8K/543,25,0,25,6.906754778648554,1,0,30,11,0.8461538461538461
sharded-GSM8K/543,26,0,26,6.577861357721047,0,0,30,11,0.8461538461538461
sharded-GSM8K/543,27,0,27,6.315358001522335,1,0,30,12,0.9230769230769231
sharded-GSM8K/543,28,0,28,8.017307507688582,1,0,30,12,0.9230769230769231
sharded-GSM8K/543,29,0,29,5.5254529391317835,1,0,30,12,0.9230769230769231
sharded-GSM8K/543,30,0,30,8.03268487596762,1,0,30,13,1.0
sharded-GSM8K/1047,1,0,1,6.647688373563329,1,0,56,1,0.038461538461538464
sharded-GSM8K/1047,2,0,2,8.005367067316664,1,0,56,1,0.038461538461538464
sharded-GSM8K/1047,3,1,3,7.9817332866918855,0,0,56,1,0.038461538461538464
sharded-GSM8K/1047,4,0,4,7.880804344674901,1,1,56,1,0.038461538461538464
sharded-GSM8K/1047,5,0,5,8.254008590564844,0,0,56,1,0.038461538461538464
sharded-GSM8K/1047,6,0,6,7.804251383528112,1,0,56,2,0.07692307692307693
sharded-GSM8K/1047,7,0,7,6.994849985833071,0,0,56,3,0.11538461538461539
sharded-GSM8K/1047,8,0,8,7.221835825288449,0,0,56,3,0.11538461538461539
sharded-GSM8K/1047,9,0,9,7.786551806428712,0,0,56,3,0.11538461538461539
sharded-GSM8K/1047,10,1,10,8.301025253838453,0,0,56,3,0.11538461538461539
sharded-GSM8K/1047,11,1,11,8.067149039910106,0,1,56,3,0.11538461538461539
sharded-GSM8K/1047,12,0,12,8.202756381655638,0,1,56,3,0.11538461538461539
sharded-GSM8K/1047,13,1,13,8.007034012193408,0,0,56,3,0.11538461538461539
sharded-GSM8K/1047,14,0,14,7.91862865334224,0,1,56,3,0.11538461538461539
sharded-GSM8K/1047,15,1,15,8.031060180240619,0,0,56,3,0.11538461538461539
sharded-GSM8K/1047,16,1,16,7.968319500012717,0,1,56,3,0.11538461538461539
sharded-GSM8K/1047,17,1,17,8.113726085970747,0,1,56,3,0.11538461538461539
sharded-GSM8K/1047,18,0,18,8.330863613224745,0,1,56,3,0.11538461538461539
sharded-GSM8K/1047,19,1,19,7.911690520708339,0,0,56,3,0.11538461538461539
sharded-GSM8K/1047,20,1,20,8.145549631783584,0,1,56,3,0.11538461538461539
sharded-GSM8K/1047,21,1,21,7.664346632098617,1,1,56,4,0.15384615384615385
sharded-GSM8K/1047,28,0,28,8.163086375583216,1,1,56,9,0.34615384615384615
sharded-GSM8K/1047,29,0,29,8.349957272040324,1,0,56,10,0.38461538461538464
sharded-GSM8K/1047,30,1,30,7.883069351305753,0,0,56,11,0.4230769230769231
sharded-GSM8K/1047,31,0,31,8.025516386489008,0,1,56,12,0.46153846153846156
sharded-GSM8K/1047,32,0,32,8.16735198705607,1,0,56,13,0.5
sharded-GSM8K/1047,36,1,36,7.838737559599282,1,0,56,14,0.5384615384615384
sharded-GSM8K/1047,39,0,39,7.570443252057374,1,1,56,16,0.6153846153846154
sharded-GSM8K/1047,42,0,42,7.930206206684683,1,0,56,18,0.6923076923076923
sharded-GSM8K/237,3,0,3,7.563200592358071,1,0,26,3,0.13043478260869565
sharded-GSM8K/237,4,1,4,7.328437352895162,0,0,26,4,0.17391304347826086
sharded-GSM8K/237,5,1,5,8.535622326884605,0,1,26,5,0.21739130434782608
sharded-GSM8K/237,6,1,6,7.586803535162581,0,1,26,5,0.21739130434782608
sharded-GSM8K/237,7,1,7,6.416732282512326,0,1,26,5,0.21739130434782608
sharded-GSM8K/237,8,1,8,7.92588031673756,0,1,26,5,0.21739130434782608
sharded-GSM8K/237,9,1,9,7.455876687491824,0,1,26,6,0.2608695652173913
sharded-GSM8K/237,10,0,10,7.847371836159788,0,1,26,7,0.30434782608695654
sharded-GSM8K/237,11,1,11,7.902117546276448,1,0,26,8,0.34782608695652173
sharded-GSM8K/237,12,1,12,7.611347717403621,0,1,26,9,0.391304347826087
sharded-GSM8K/237,13,1,13,7.461065514354283,0,1,26,10,0.43478260869565216
sharded-GSM8K/237,14,0,14,7.937017489515454,0,1,26,11,0.4782608695652174
sharded-GSM8K/237,15,1,15,7.291656209174461,0,0,26,12,0.5217391304347826
sharded-GSM8K/237,16,0,16,8.214465160759186,1,1,26,13,0.5652173913043478
sharded-GSM8K/237,17,0,17,7.482681828154651,1,0,26,14,0.6086956521739131
sharded-GSM8K/237,18,0,18,7.474204806496124,1,0,26,15,0.6521739130434783
sharded-GSM8K/237,19,1,19,7.030857476116121,1,0,26,16,0.6956521739130435
sharded-GSM8K/237,20,1,20,8.544419177669829,0,1,26,17,0.7391304347826086
sharded-GSM8K/237,21,1,21,7.841492924460013,0,1,26,18,0.782608695652174
sharded-GSM8K/237,22,0,22,7.809135398120538,1,1,26,19,0.8260869565217391
sharded-GSM8K/237,24,0,24,8.070593539949519,1,0,26,21,0.9130434782608695
sharded-GSM8K/237,25,0,25,7.634820677745543,1,0,26,22,0.9565217391304348
sharded-GSM8K/237,26,0,26,6.728628613084702,1,0,26,23,1.0
sharded-GSM8K/913,1,0,1,6.695798917058491,1,0,76,1,0.014705882352941176
sharded-GSM8K/913,2,0,2,8.027150106832774,1,0,76,1,0.014705882352941176
sharded-GSM8K/913,3,0,3,8.284251797621916,1,0,76,1,0.014705882352941176
sharded-GSM8K/913,4,0,4,8.776012719182917,0,0,76,1,0.014705882352941176
sharded-GSM8K/913,5,0,5,8.921324076511265,1,0,76,1,0.014705882352941176
sharded-GSM8K/913,6,0,6,7.736307096548285,0,0,76,1,0.014705882352941176
sharded-GSM8K/913,7,0,7,8.012018239159062,1,0,76,1,0.014705882352941176
sharded-GSM8K/913,8,0,8,7.884199933676039,1,0,76,2,0.029411764705882353
sharded-GSM8K/913,9,0,9,7.748028524432376,1,0,76,3,0.04411764705882353
sharded-GSM8K/913,10,0,10,8.326032685955079,1,0,76,4,0.058823529411764705
sharded-GSM8K/913,11,0,11,7.280697195384741,0,0,76,5,0.07352941176470588
sharded-GSM8K/913,12,1,12,7.113142108707088,1,0,76,6,0.08823529411764706
sharded-GSM8K/913,13,0,13,6.77078942390898,0,1,76,7,0.10294117647058823
sharded-GSM8K/913,14,0,14,7.410347097821024,1,0,76,8,0.11764705882352941
sharded-GSM8K/913,15,0,15,8.215817791832453,0,0,76,9,0.1323529411764706
sharded-GSM8K/913,16,0,16,6.93828448401696,0,0,76,10,0.14705882352941177
sharded-GSM8K/913,17,0,17,7.900636613018005,1,0,76,11,0.16176470588235295
sharded-GSM8K/913,18,0,18,7.700747794511798,1,0,76,12,0.17647058823529413
sharded-GSM8K/913,19,1,19,7.689828668736484,0,0,76,13,0.19117647058823528
sharded-GSM8K/913,20,1,20,8.569785641535407,0,1,76,14,0.20588235294117646
sharded-GSM8K/913,21,0,21,7.881559917056899,0,1,76,15,0.22058823529411764
sharded-GSM8K/913,22,0,22,6.054439346269371,1,0,76,16,0.23529411764705882
sharded-GSM8K/913,23,1,23,7.80710329012598,1,0,76,17,0.25
sharded-GSM8K/913,24,1,24,6.559615237493242,0,1,76,18,0.2647058823529412
sharded-GSM8K/913,25,1,25,8.183397369998433,0,1,76,19,0.27941176470588236
sharded-GSM8K/913,26,1,26,7.898782356970309,0,1,76,20,0.29411764705882354
sharded-GSM8K/913,27,1,27,7.821643126239982,0,1,76,21,0.3088235294117647
sharded-GSM8K/913,28,0,28,7.908019444632471,0,1,76,22,0.3235294117647059
sharded-GSM8K/913,29,1,29,8.260234291607297,0,0,76,23,0.3382352941176471
sharded-GSM8K/913,30,0,30,8.085794701281568,1,1,76,24,0.35294117647058826
sharded-GSM8K/913,31,1,31,7.764296006450518,1,0,76,25,0.36764705882352944
sharded-GSM8K/913,32,1,32,7.706162970199576,0,1,76,26,0.38235294117647056
sharded-GSM8K/913,33,1,33,7.396335293800808,0,1,76,27,0.39705882352941174
sharded-GSM8K/913,34,0,34,7.875499292445208,1,1,76,28,0.4117647058823529
sharded-GSM8K/913,35,0,35,7.344072850573066,1,0,76,28,0.4117647058823529
sharded-GSM8K/913,36,1,36,7.748028524432376,0,0,76,29,0.4264705882352941
sharded-GSM8K/913,37,1,37,6.926577033222725,0,1,76,30,0.4411764705882353
sharded-GSM8K/913,38,1,38,6.7580945044277305,0,1,76,31,0.45588235294117646
sharded-GSM8K/913,39,1,39,7.0707241072602764,0,1,76,32,0.47058823529411764
sharded-GSM8K/913,40,0,40,7.232010331664759,0,1,76,33,0.4852941176470588
sharded-GSM8K/913,41,1,41,6.336825731146441,0,0,76,34,0.5
sharded-GSM8K/913,42,1,42,6.952728644624869,0,1,76,35,0.5147058823529411
sharded-GSM8K/913,43,0,43,6.97166860472579,0,1,76,36,0.5294117647058824
sharded-GSM8K/913,44,1,44,8.147867129923947,0,0,76,37,0.5441176470588235
sharded-GSM8K/913,45,1,45,7.051855622955894,0,1,76,38,0.5588235294117647
sharded-GSM8K/913,46,1,46,7.540090320145325,0,1,76,39,0.5735294117647058
sharded-GSM8K/913,47,0,47,7.724888439323074,1,1,76,40,0.5882352941176471
sharded-GSM8K/913,48,0,48,6.7226297948554485,1,0,76,40,0.5882352941176471
sharded-GSM8K/913,49,0,49,6.9782137426306985,0,0,76,41,0.6029411764705882
sharded-GSM8K/913,50,1,50,7.01301578963963,0,0,76,42,0.6176470588235294
sharded-GSM8K/913,51,1,51,7.380879035564116,0,1,76,43,0.6323529411764706
sharded-GSM8K/913,52,1,52,7.813591552952433,0,1,76,44,0.6470588235294118
sharded-GSM8K/913,53,0,53,7.471363088187097,0,1,76,45,0.6617647058823529
sharded-GSM8K/913,54,1,54,7.047517221357296,0,0,76,46,0.6764705882352942
sharded-GSM8K/913,55,1,55,6.263398262591624,0,1,76,47,0.6911764705882353
sharded-GSM8K/913,56,1,56,6.1092475827643655,0,1,76,48,0.7058823529411765
sharded-GSM8K/913,57,1,57,7.65491704784832,0,1,76,49,0.7205882352941176
sharded-GSM8K/913,58,0,58,6.816735880594968,0,1,76,50,0.7352941176470589
sharded-GSM8K/913,59,1,59,7.095064377287131,1,0,76,51,0.75
sharded-GSM8K/913,60,1,60,6.42648845745769,0,1,76,52,0.7647058823529411
sharded-GSM8K/913,61,1,61,6.862757913051401,0,1,76,53,0.7794117647058824
sharded-GSM8K/913,62,1,62,7.221835825288449,0,1,76,54,0.7941176470588235
sharded-GSM8K/913,63,1,63,7.4489161025442,0,1,76,55,0.8088235294117647
sharded-GSM8K/913,64,0,64,6.345636360828596,0,1,76,56,0.8235294117647058
sharded-GSM8K/913,65,0,65,7.806696372521179,1,0,76,57,0.8382352941176471
sharded-GSM8K/913,66,0,66,7.615791072035833,1,0,76,58,0.8529411764705882
sharded-GSM8K/913,67,0,67,6.823286122355687,0,0,76,59,0.8676470588235294
sharded-GSM8K/913,68,0,68,7.036148493750536,1,0,76,60,0.8823529411764706
sharded-GSM8K/913,69,0,69,7.122866658599083,1,0,76,61,0.8970588235294118
sharded-GSM8K/913,70,0,70,7.289610521451167,0,0,76,62,0.9117647058823529
sharded-GSM8K/913,71,0,71,7.798523053625206,0,0,76,63,0.9264705882352942
sharded-GSM8K/913,72,0,72,6.981934677156389,0,0,76,64,0.9411764705882353
sharded-GSM8K/913,73,0,73,7.186901020411631,0,0,76,65,0.9558823529411765
sharded-GSM8K/913,74,1,74,7.3783837129967145,1,0,76,66,0.9705882352941176
sharded-GSM8K/968,1,0,1,6.884486652042782,1,0,10,1,0.16666666666666666
sharded-GSM8K/968,2,0,2,7.984121958702927,0,0,10,2,0.3333333333333333
sharded-GSM8K/968,3,0,3,7.939871576361883,1,0,10,3,0.5
sharded-GSM8K/968,4,0,4,8.14902386805177,1,0,10,3,0.5
sharded-GSM8K/968,5,0,5,8.241703159729818,0,0,10,3,0.5
sharded-GSM8K/968,6,0,6,7.66105638236183,0,0,10,4,0.6666666666666666
sharded-GSM8K/968,7,0,7,8.59062950948942,1,0,10,5,0.8333333333333334
sharded-GSM8K/968,8,0,8,7.933079771880415,0,0,10,5,0.8333333333333334
sharded-GSM8K/968,9,0,9,7.155396301896734,0,0,10,5,0.8333333333333334
sharded-GSM8K/968,10,0,10,8.034306936339489,0,0,10,6,1.0
sharded-GSM8K/739,1,0,1,6.813444599510896,1,0,8,1,0.14285714285714285
sharded-GSM8K/739,4,0,4,8.266421472984554,1,0,8,4,0.5714285714285714
sharded-GSM8K/739,5,1,5,7.983098940710892,1,0,8,5,0.7142857142857143
sharded-GSM8K/739,6,1,6,8.366137716496281,0,1,8,6,0.8571428571428571
sharded-GSM8K/739,7,0,7,7.465082736399547,0,1,8,6,0.8571428571428571
sharded-GSM8K/739,8,0,8,7.135687347028144,0,0,8,7,1.0
sharded-GSM8K/646,1,0,1,6.104793232414985,1,0,9,1,0.14285714285714285
sharded-GSM8K/646,2,0,2,7.762596048540069,1,0,9,1,0.14285714285714285
sharded-GSM8K/646,3,0,3,7.976938756959434,1,0,9,1,0.14285714285714285
sharded-GSM8K/646,4,0,4,7.834788107388194,1,0,9,2,0.2857142857142857
sharded-GSM8K/646,5,0,5,8.425954710981966,1,0,9,3,0.42857142857142855
sharded-GSM8K/646,6,0,6,8.270013062273787,1,0,9,4,0.5714285714285714
sharded-GSM8K/646,7,0,7,8.523572798380277,1,0,9,5,0.7142857142857143
sharded-GSM8K/646,8,0,8,7.847762537473608,1,0,9,6,0.8571428571428571
sharded-GSM8K/646,9,0,9,8.266935347610456,1,0,9,7,1.0
sharded-GSM8K/1260,1,1,1,6.400257445308821,1,0,26,1,0.05263157894736842
sharded-GSM8K/1260,2,0,2,7.959275960116396,1,1,26,2,0.10526315789473684
sharded-GSM8K/1260,3,0,3,8.094683648698815,0,0,26,3,0.15789473684210525
sharded-GSM8K/1260,4,0,4,7.634820677745543,1,0,26,4,0.21052631578947367
sharded-GSM8K/1260,5,0,5,7.034387929915503,1,0,26,4,0.21052631578947367
sharded-GSM8K/1260,6,0,6,8.21878715560148,0,0,26,4,0.21052631578947367
sharded-GSM8K/1260,7,0,7,7.804659297056102,1,0,26,5,0.2631578947368421
sharded-GSM8K/1260,8,0,8,8.55371796609861,1,0,26,6,0.3157894736842105
sharded-GSM8K/1260,9,1,9,8.344742754417545,1,0,26,7,0.3684210526315789
sharded-GSM8K/1260,10,1,10,7.5953872788539725,0,1,26,8,0.42105263157894735
sharded-GSM8K/1260,11,0,11,7.828436359157585,0,1,26,8,0.42105263157894735
sharded-GSM8K/1260,12,0,12,7.990576881743923,0,0,26,9,0.47368421052631576
sharded-GSM8K/1260,13,0,13,8.520587424484253,0,0,26,10,0.5263157894736842
sharded-GSM8K/1260,14,1,14,7.755767170102998,0,0,26,11,0.5789473684210527
sharded-GSM8K/1260,15,1,15,8.072779333169498,0,1,26,12,0.631578947368421
sharded-GSM8K/1260,16,0,16,7.682021510826875,0,1,26,13,0.6842105263157895
sharded-GSM8K/1260,17,1,17,7.630461261783627,0,0,26,14,0.7368421052631579
sharded-GSM8K/1260,18,0,18,8.020270472819238,1,1,26,15,0.7894736842105263
sharded-GSM8K/1260,19,0,19,8.636929873018572,0,0,26,15,0.7894736842105263
sharded-GSM8K/1260,20,0,20,8.109224953089955,1,0,26,15,0.7894736842105263
sharded-GSM8K/1260,21,0,21,8.254788926148725,1,0,26,16,0.8421052631578947
sharded-GSM8K/1260,22,0,22,7.769378609513984,1,0,26,16,0.8421052631578947
sharded-GSM8K/1260,23,0,23,7.671360923190644,0,0,26,17,0.8947368421052632
sharded-GSM8K/1260,24,0,24,7.682943169878292,0,0,26,17,0.8947368421052632
sharded-GSM8K/1260,25,0,25,7.659171367666058,0,0,26,18,0.9473684210526315
sharded-GSM8K/1260,26,0,26,8.11552088154677,0,0,26,19,1.0
sharded-GSM8K/534,1,0,1,7.0925737159746784,1,0,26,1,0.041666666666666664
sharded-GSM8K/534,2,0,2,8.53915035876828,1,0,26,1,0.041666666666666664
sharded-GSM8K/534,4,1,4,8.60557030203365,1,0,26,3,0.125
sharded-GSM8K/534,5,0,5,7.0825485693553,1,1,26,4,0.16666666666666666
sharded-GSM8K/534,6,0,6,8.157657015196472,1,0,26,5,0.20833333333333334
sharded-GSM8K/534,7,0,7,8.053887083618223,1,0,26,6,0.25
sharded-GSM8K/534,8,0,8,8.113426639943654,0,0,26,7,0.2916666666666667
sharded-GSM8K/534,9,0,9,7.715569534520208,0,0,26,8,0.3333333333333333
sharded-GSM8K/534,10,0,10,8.116118431609365,1,0,26,9,0.375
sharded-GSM8K/534,11,0,11,7.416979621381154,0,0,26,10,0.4166666666666667
sharded-GSM8K/534,12,0,12,7.856319571406588,1,0,26,11,0.4583333333333333
sharded-GSM8K/534,13,0,13,7.436617265234227,1,0,26,12,0.5
sharded-GSM8K/534,14,0,14,7.348587530927593,0,0,26,13,0.5416666666666666
sharded-GSM8K/534,15,0,15,7.619233416226805,0,0,26,14,0.5833333333333334
sharded-GSM8K/534,16,0,16,8.28349412616251,0,0,26,15,0.625
sharded-GSM8K/534,17,0,17,7.6783263565068856,0,0,26,16,0.6666666666666666
sharded-GSM8K/534,18,1,18,7.638679823876112,0,0,26,17,0.7083333333333334
sharded-GSM8K/534,19,0,19,8.261784679514752,1,1,26,18,0.75
sharded-GSM8K/534,20,0,20,7.816416983691801,1,0,26,19,0.7916666666666666
sharded-GSM8K/534,21,0,21,8.096817470572319,1,0,26,20,0.8333333333333334
sharded-GSM8K/534,22,1,22,7.442492722794441,1,0,26,21,0.875
sharded-GSM8K/534,23,0,23,7.329093736246592,0,1,26,22,0.9166666666666666
sharded-GSM8K/534,24,0,24,7.7501841622578365,0,0,26,22,0.9166666666666666
sharded-GSM8K/534,25,0,25,7.832014180505469,0,0,26,23,0.9583333333333334
sharded-GSM8K/534,26,0,26,7.489412083508719,0,0,26,24,1.0
sharded-GSM8K/416,2,0,2,7.798112628829788,1,0,30,2,0.08333333333333333
sharded-GSM8K/416,3,0,3,7.641564441260972,1,0,30,2,0.08333333333333333
sharded-GSM8K/416,4,0,4,7.813591552952433,0,0,30,2,0.08333333333333333
sharded-GSM8K/416,5,1,5,7.566311014772463,0,0,30,2,0.08333333333333333
sharded-GSM8K/416,6,0,6,8.404696160189092,1,1,30,2,0.08333333333333333
sharded-GSM8K/416,7,0,7,7.761319180947987,0,0,30,2,0.08333333333333333
sharded-GSM8K/416,8,0,8,8.153637486385282,0,0,30,3,0.125
sharded-GSM8K/416,9,0,9,8.034955024502159,0,0,30,4,0.16666666666666666
sharded-GSM8K/416,10,1,10,7.351799869057777,0,0,30,4,0.16666666666666666
sharded-GSM8K/416,11,0,11,7.701200180857446,0,1,30,5,0.20833333333333334
sharded-GSM8K/416,12,0,12,7.604396348796338,0,0,30,6,0.25
sharded-GSM8K/416,13,0,13,7.913521017283895,0,0,30,7,0.2916666666666667
sharded-GSM8K/416,14,0,14,7.913155185928068,0,0,30,8,0.3333333333333333
sharded-GSM8K/416,15,1,15,7.59337419312129,0,0,30,9,0.375
sharded-GSM8K/416,16,0,16,8.217978203150732,0,1,30,10,0.4166666666666667
sharded-GSM8K/416,17,0,17,7.727535110475448,1,0,30,11,0.4583333333333333
sharded-GSM8K/416,18,0,18,7.25063551189868,1,0,30,12,0.5
sharded-GSM8K/416,19,1,19,7.693481640835175,1,0,30,13,0.5416666666666666
sharded-GSM8K/416,20,0,20,7.3395376954076745,0,1,30,14,0.5833333333333334
sharded-GSM8K/416,21,0,21,7.680637427560936,0,0,30,15,0.625
sharded-GSM8K/416,22,0,22,7.71333788887187,0,0,30,16,0.6666666666666666
sharded-GSM8K/416,23,1,23,7.908387159290043,0,0,30,17,0.7083333333333334
sharded-GSM8K/416,24,1,24,7.979681302387741,0,1,30,18,0.75
sharded-GSM8K/416,25,0,25,7.927324360309794,0,1,30,19,0.7916666666666666
sharded-GSM8K/416,26,0,26,7.9865049385539955,1,0,30,20,0.8333333333333334
sharded-GSM8K/416,27,1,27,7.692113339595466,1,0,30,21,0.875
sharded-GSM8K/416,28,1,28,7.690743163541872,0,1,30,22,0.9166666666666666
sharded-GSM8K/416,29,1,29,7.436617265234227,0,1,30,23,0.9583333333333334
sharded-GSM8K/416,30,0,30,8.173011311724972,0,1,30,24,1.0
sharded-GSM8K/369,1,0,1,6.480044561926653,1,0,30,1,0.041666666666666664
sharded-GSM8K/369,2,0,2,7.914252278742441,1,0,30,2,0.08333333333333333
sharded-GSM8K/369,3,0,3,7.617759576608505,1,0,30,3,0.125
sharded-GSM8K/369,4,1,4,7.6236419465115715,1,0,30,4,0.16666666666666666
sharded-GSM8K/369,5,0,5,7.613818684808629,1,1,30,4,0.16666666666666666
sharded-GSM8K/369,6,0,6,7.820840879907344,0,0,30,5,0.20833333333333334
sharded-GSM8K/369,7,0,7,8.164510268747042,0,0,30,5,0.20833333333333334
sharded-GSM8K/369,8,0,8,7.299797366758161,0,0,30,5,0.20833333333333334
sharded-GSM8K/369,9,0,9,7.3987862754199485,1,0,30,5,0.20833333333333334
sharded-GSM8K/369,10,0,10,7.998671361015776,1,0,30,6,0.25
sharded-GSM8K/369,11,0,11,7.334981878871814,1,0,30,7,0.2916666666666667
sharded-GSM8K/369,12,0,12,7.724004656676065,0,0,30,8,0.3333333333333333
sharded-GSM8K/369,13,0,13,7.072421900537371,0,0,30,9,0.375
sharded-GSM8K/369,14,0,14,7.335633981927201,0,0,30,10,0.4166666666666667
sharded-GSM8K/369,15,0,15,7.086737934510577,0,0,30,11,0.4583333333333333
sharded-GSM8K/369,16,0,16,7.778211474512493,0,0,30,11,0.4583333333333333
sharded-GSM8K/369,17,0,17,7.452402451223638,0,0,30,12,0.5
sharded-GSM8K/369,18,0,18,7.731492029245684,1,0,30,12,0.5
sharded-GSM8K/369,19,0,19,7.160069207596127,0,0,30,13,0.5416666666666666
sharded-GSM8K/369,20,0,20,8.239329427901795,1,0,30,14,0.5833333333333334
sharded-GSM8K/369,21,0,21,8.427487278331744,0,0,30,15,0.625
sharded-GSM8K/369,22,0,22,7.491087593534876,1,0,30,16,0.6666666666666666
sharded-GSM8K/369,23,0,23,7.76046702921342,1,0,30,17,0.7083333333333334
sharded-GSM8K/369,24,1,24,7.840312983320164,1,0,30,18,0.75
sharded-GSM8K/369,25,0,25,8.206037762778815,1,1,30,19,0.7916666666666666
sharded-GSM8K/369,26,0,26,7.896924656268864,1,0,30,20,0.8333333333333334
sharded-GSM8K/369,27,1,27,7.6004023345004,0,0,30,21,0.875
sharded-GSM8K/369,28,0,28,8.012018239159062,1,1,30,22,0.9166666666666666
sharded-GSM8K/369,29,1,29,8.218247926685745,1,0,30,23,0.9583333333333334
sharded-GSM8K/369,30,0,30,8.337348564497175,1,1,30,24,1.0
sharded-GSM8K/740,1,0,1,6.771935555839602,1,0,7,1,0.16666666666666666
sharded-GSM8K/740,2,0,2,8.104099056143582,1,0,7,2,0.3333333333333333
sharded-GSM8K/740,3,0,3,8.08487062913819,0,0,7,3,0.5
sharded-GSM8K/740,4,0,4,7.644440761556566,1,0,7,3,0.5
sharded-GSM8K/740,5,0,5,8.034631032923107,1,0,7,4,0.6666666666666666
sharded-GSM8K/740,6,0,6,7.714677473800927,1,0,7,5,0.8333333333333334
sharded-GSM8K/740,7,0,7,7.88344635413774,1,0,7,6,1.0
sharded-GSM8K/140,1,0,1,6.236369590203704,1,0,3,1,0.3333333333333333
sharded-GSM8K/140,2,0,2,7.844240718141811,0,0,3,2,0.6666666666666666
sharded-GSM8K/140,3,0,3,7.433666540166168,1,0,3,3,1.0
sharded-GSM8K/871,1,0,1,6.163314804034641,1,0,26,1,0.043478260869565216
sharded-GSM8K/871,2,0,2,7.448333860897476,1,0,26,2,0.08695652173913043
sharded-GSM8K/871,3,0,3,7.63433723562832,1,0,26,3,0.13043478260869565
sharded-GSM8K/871,4,0,4,7.105786129481271,0,0,26,3,0.13043478260869565
sharded-GSM8K/871,5,1,5,7.902857191280582,0,0,26,4,0.17391304347826086
sharded-GSM8K/871,6,0,6,8.59062950948942,1,1,26,4,0.17391304347826086
sharded-GSM8K/871,7,0,7,7.549082710812286,0,0,26,5,0.21739130434782608
sharded-GSM8K/871,8,0,8,7.621684998724611,0,0,26,6,0.2608695652173913
sharded-GSM8K/871,9,0,9,7.347943823148687,0,0,26,7,0.30434782608695654
sharded-GSM8K/871,10,0,10,7.5883236773352225,1,0,26,8,0.34782608695652173
sharded-GSM8K/871,11,0,11,8.056426767522984,1,0,26,9,0.391304347826087
sharded-GSM8K/871,12,0,12,7.685243607975833,0,0,26,10,0.43478260869565216
sharded-GSM8K/871,13,1,13,7.807510042216193,0,0,26,11,0.4782608695652174
sharded-GSM8K/871,14,1,14,8.298290634359283,0,1,26,12,0.5217391304347826
sharded-GSM8K/871,15,1,15,8.195057690895077,0,1,26,13,0.5652173913043478
sharded-GSM8K/871,16,0,16,7.357556200910353,0,1,26,14,0.6086956521739131
sharded-GSM8K/871,17,0,17,7.810758116529357,0,0,26,15,0.6521739130434783
sharded-GSM8K/871,18,0,18,7.81762544305337,0,0,26,16,0.6956521739130435
sharded-GSM8K/871,19,0,19,8.26796230533871,0,0,26,17,0.7391304347826086
sharded-GSM8K/871,20,0,20,7.639161171659173,1,0,26,18,0.782608695652174
sharded-GSM8K/871,21,0,21,7.6624678152002375,1,0,26,19,0.8260869565217391
sharded-GSM8K/871,22,0,22,7.581209826196346,0,0,26,20,0.8695652173913043
sharded-GSM8K/871,23,1,23,7.887959336599945,0,0,26,20,0.8695652173913043
sharded-GSM8K/871,24,1,24,7.621195162809845,0,1,26,21,0.9130434782608695
sharded-GSM8K/871,25,1,25,7.820439515262181,0,1,26,22,0.9565217391304348
sharded-GSM8K/871,26,1,26,7.566828479208331,0,1,26,23,1.0
sharded-GSM8K/1011,1,0,1,6.673297967767654,1,0,26,1,0.04
sharded-GSM8K/1011,2,1,2,8.059908334578276,0,0,26,2,0.08
sharded-GSM8K/1011,3,0,3,7.553286605600419,0,1,26,2,0.08
sharded-GSM8K/1011,4,1,4,8.021256180143997,0,0,26,3,0.12
sharded-GSM8K/1011,5,1,5,7.659642954564682,1,1,26,4,0.16
sharded-GSM8K/1011,6,0,6,7.63433723562832,1,1,26,5,0.2
sharded-GSM8K/1011,7,0,7,7.503289630675082,0,0,26,6,0.24
sharded-GSM8K/1011,8,1,8,7.116394144093465,1,0,26,7,0.28
sharded-GSM8K/1011,9,0,9,7.560080465021827,1,1,26,8,0.32
sharded-GSM8K/1011,10,0,10,7.60887062919126,0,0,26,9,0.36
sharded-GSM8K/1011,11,0,11,7.994632311431825,0,0,26,10,0.4
sharded-GSM8K/1011,12,0,12,8.165363632473982,1,0,26,11,0.44
sharded-GSM8K/1011,13,0,13,8.015987811027237,1,0,26,12,0.48
sharded-GSM8K/1011,14,0,14,8.271548374755515,1,0,26,13,0.52
sharded-GSM8K/1011,15,0,15,8.138856750696325,0,0,26,14,0.56
sharded-GSM8K/1011,16,0,16,7.627057417018934,1,0,26,15,0.6
sharded-GSM8K/1011,17,0,17,7.277938572945661,0,0,26,16,0.64
sharded-GSM8K/1011,18,0,18,7.895436006942965,0,0,26,17,0.68
sharded-GSM8K/1011,19,0,19,7.241366283322318,0,0,26,18,0.72
sharded-GSM8K/1011,20,0,20,7.964155718840937,1,0,26,19,0.76
sharded-GSM8K/1011,21,0,21,8.440312147080279,0,0,26,20,0.8
sharded-GSM8K/1011,22,0,22,7.582738488914411,1,0,26,21,0.84
sharded-GSM8K/1011,23,0,23,7.641564441260972,1,0,26,22,0.88
sharded-GSM8K/1011,24,0,24,7.3833681469923835,1,0,26,23,0.92
sharded-GSM8K/1011,25,0,25,7.62657020629066,1,0,26,24,0.96
sharded-GSM8K/1011,26,0,26,7.198931240688173,1,0,26,25,1.0
sharded-GSM8K/420,3,1,3,7.557994958530806,1,0,16,3,0.1875
sharded-GSM8K/420,4,0,4,8.031385330625534,1,1,16,4,0.25
sharded-GSM8K/420,5,0,5,7.902487437162855,1,0,16,5,0.3125
sharded-GSM8K/420,6,0,6,7.960672608388117,1,0,16,6,0.375
sharded-GSM8K/420,7,0,7,7.817222785508166,0,0,16,7,0.4375
sharded-GSM8K/420,8,1,8,8.076204527239026,0,0,16,8,0.5
sharded-GSM8K/420,9,0,9,7.85243908535751,1,1,16,9,0.5625
sharded-GSM8K/420,10,0,10,7.858640655620791,0,0,16,10,0.625
sharded-GSM8K/420,11,0,11,8.178077463849608,0,0,16,11,0.6875
sharded-GSM8K/420,13,0,13,6.78105762593618,1,0,16,13,0.8125
sharded-GSM8K/420,16,0,16,7.419380582918692,1,0,16,16,1.0
sharded-GSM8K/941,1,0,1,6.576469569048224,1,0,14,1,0.07142857142857142
sharded-GSM8K/941,2,0,2,8.444622498581403,1,0,14,2,0.14285714285714285
sharded-GSM8K/941,3,0,3,7.783224016336037,0,0,14,3,0.21428571428571427
sharded-GSM8K/941,4,0,4,8.82555985506085,1,0,14,4,0.2857142857142857
sharded-GSM8K/941,5,0,5,8.580731212220226,0,0,14,5,0.35714285714285715
sharded-GSM8K/941,6,0,6,8.296546520300614,1,0,14,6,0.42857142857142855
sharded-GSM8K/941,7,0,7,8.014666370464942,1,0,14,7,0.5
sharded-GSM8K/941,8,0,8,7.8838232148921525,0,0,14,8,0.5714285714285714
sharded-GSM8K/941,9,0,9,8.39072252736229,1,0,14,9,0.6428571428571429
sharded-GSM8K/941,10,0,10,8.499640032168648,1,0,14,10,0.7142857142857143
sharded-GSM8K/941,11,0,11,8.025189321890835,1,0,14,11,0.7857142857142857
sharded-GSM8K/941,12,0,12,7.986164860332727,0,0,14,12,0.8571428571428571
sharded-GSM8K/941,13,0,13,8.383890344101816,1,0,14,13,0.9285714285714286
sharded-GSM8K/941,14,0,14,8.505120610181969,1,0,14,14,1.0
sharded-GSM8K/784,1,0,1,6.51025834052315,1,0,10,1,0.1111111111111111
sharded-GSM8K/784,2,0,2,7.347299700743164,1,0,10,2,0.2222222222222222
sharded-GSM8K/784,3,0,3,7.311218384419629,0,0,10,3,0.3333333333333333
sharded-GSM8K/784,4,0,4,7.668093709082406,0,0,10,4,0.4444444444444444
sharded-GSM8K/784,5,0,5,7.326465613840322,1,0,10,5,0.5555555555555556
sharded-GSM8K/784,6,0,6,8.295798110636145,1,0,10,6,0.6666666666666666
sharded-GSM8K/784,7,0,7,7.738488122494646,1,0,10,7,0.7777777777777778
sharded-GSM8K/784,8,0,8,7.6708948313621175,1,0,10,7,0.7777777777777778
sharded-GSM8K/784,9,0,9,7.540090320145325,1,0,10,8,0.8888888888888888
sharded-GSM8K/784,10,0,10,8.463581421967588,0,0,10,9,1.0
sharded-GSM8K/122,1,0,1,5.726847747587197,1,0,6,1,0.25
sharded-GSM8K/122,2,0,2,8.046229101075378,0,0,6,2,0.5
sharded-GSM8K/122,3,0,3,8.084562415235304,1,0,6,3,0.75
sharded-GSM8K/122,4,1,4,7.754481547470383,0,0,6,3,0.75
sharded-GSM8K/122,5,1,5,8.273336598504486,0,1,6,3,0.75
sharded-GSM8K/122,6,0,6,7.7651449029361315,1,1,6,4,1.0
sharded-GSM8K/427,2,1,2,8.251663923605589,1,0,20,2,0.1111111111111111
sharded-GSM8K/427,3,0,3,7.878912912297133,1,1,20,3,0.16666666666666666
sharded-GSM8K/427,4,0,4,8.201111644442758,0,0,20,4,0.2222222222222222
sharded-GSM8K/427,5,0,5,8.41604600941128,1,0,20,5,0.2777777777777778
sharded-GSM8K/427,6,0,6,7.8504931808711405,0,0,20,6,0.3333333333333333
sharded-GSM8K/427,7,0,7,7.532088143541722,1,0,20,6,0.3333333333333333
sharded-GSM8K/427,8,0,8,7.56164174558878,0,0,20,6,0.3333333333333333
sharded-GSM8K/427,9,0,9,7.760893195851024,0,0,20,7,0.3888888888888889
sharded-GSM8K/427,10,0,10,7.8168199657645525,1,0,20,8,0.4444444444444444
sharded-GSM8K/427,11,0,11,8.209852481301272,1,0,20,9,0.5
sharded-GSM8K/427,12,0,12,7.647786045440933,1,0,20,10,0.5555555555555556
sharded-GSM8K/427,13,1,13,7.636752112435779,0,0,20,11,0.6111111111111112
sharded-GSM8K/427,14,1,14,7.994632311431825,0,1,20,12,0.6666666666666666
sharded-GSM8K/427,15,1,15,7.905072849498666,0,1,20,13,0.7222222222222222
sharded-GSM8K/427,16,0,16,7.871692664323645,1,1,20,14,0.7777777777777778
sharded-GSM8K/427,17,0,17,7.676473646389156,0,0,20,15,0.8333333333333334
sharded-GSM8K/427,18,1,18,7.4770384723196965,1,0,20,16,0.8888888888888888
sharded-GSM8K/427,19,0,19,7.513709247839705,1,1,20,17,0.9444444444444444
sharded-GSM8K/427,20,0,20,7.87359778968554,1,0,20,18,1.0
sharded-GSM8K/1303,1,0,1,6.493753839851686,1,0,10,1,0.125
sharded-GSM8K/1303,2,0,2,8.648572269472618,1,0,10,2,0.25
sharded-GSM8K/1303,3,0,3,8.285008895449879,1,0,10,3,0.375
sharded-GSM8K/1303,4,0,4,7.8551570058813445,0,0,10,4,0.5
sharded-GSM8K/1303,5,0,5,8.112827478751374,1,0,10,4,0.5
sharded-GSM8K/1303,6,0,6,8.109525659752872,0,0,10,5,0.625
sharded-GSM8K/1303,7,0,7,8.109224953089955,0,0,10,6,0.75
sharded-GSM8K/1303,8,1,8,8.383890344101816,0,0,10,6,0.75
sharded-GSM8K/1303,9,0,9,8.682029433869172,1,1,10,7,0.875
sharded-GSM8K/1303,10,1,10,8.727454116899434,1,0,10,8,1.0
sharded-GSM8K/1131,1,0,1,6.093569770045136,1,0,30,1,0.037037037037037035
sharded-GSM8K/1131,2,0,2,7.463936604468925,1,0,30,2,0.07407407407407407
sharded-GSM8K/1131,3,0,3,8.21554741194707,1,0,30,3,0.1111111111111111
sharded-GSM8K/1131,4,0,4,8.120886021092838,1,0,30,4,0.14814814814814814
sharded-GSM8K/1131,5,0,5,8.165363632473982,0,0,30,5,0.18518518518518517
sharded-GSM8K/1131,6,0,6,7.89655270164304,0,0,30,6,0.2222222222222222
sharded-GSM8K/1131,7,0,7,8.493719835230594,0,0,30,7,0.25925925925925924
sharded-GSM8K/1131,8,0,8,8.2482674474469,1,0,30,8,0.2962962962962963
sharded-GSM8K/1131,9,0,9,8.104401307921613,1,0,30,8,0.2962962962962963
sharded-GSM8K/1131,10,0,10,8.009695357742922,1,0,30,9,0.3333333333333333
sharded-GSM8K/1131,11,0,11,8.000684784514748,1,0,30,10,0.37037037037037035
sharded-GSM8K/1131,12,0,12,8.19478163844336,1,0,30,10,0.37037037037037035
sharded-GSM8K/1131,13,0,13,8.301273485191347,0,0,30,11,0.4074074074074074
sharded-GSM8K/1131,14,0,14,7.992268643270745,0,0,30,12,0.4444444444444444
sharded-GSM8K/1131,15,0,15,8.365905077202456,0,0,30,13,0.48148148148148145
sharded-GSM8K/1131,16,0,16,7.785305182539862,0,0,30,14,0.5185185185185185
sharded-GSM8K/1131,17,0,17,8.189244525735901,0,0,30,15,0.5555555555555556
sharded-GSM8K/1131,18,0,18,7.912423121473705,1,0,30,15,0.5555555555555556
sharded-GSM8K/1131,19,0,19,7.733245646529795,1,0,30,16,0.5925925925925926
sharded-GSM8K/1131,20,1,20,6.892641641172089,0,0,30,17,0.6296296296296297
sharded-GSM8K/1131,21,1,21,6.674561391814426,0,1,30,18,0.6666666666666666
sharded-GSM8K/1131,22,0,22,7.086737934510577,1,1,30,19,0.7037037037037037
sharded-GSM8K/1131,23,1,23,7.174724309836376,1,0,30,20,0.7407407407407407
sharded-GSM8K/1131,24,0,24,6.873163834212518,0,1,30,21,0.7777777777777778
sharded-GSM8K/1131,25,0,25,7.587817219993427,1,0,30,22,0.8148148148148148
sharded-GSM8K/1131,26,1,26,7.273092595999522,0,0,30,23,0.8518518518518519
sharded-GSM8K/1131,27,1,27,7.870547844507712,0,1,30,24,0.8888888888888888
sharded-GSM8K/1131,28,1,28,7.967973179662935,0,1,30,25,0.9259259259259259
sharded-GSM8K/1131,29,1,29,7.385230923066573,0,1,30,26,0.9629629629629629
sharded-GSM8K/1131,30,1,30,7.441906728051625,0,1,30,27,1.0
sharded-GSM8K/875,1,0,1,6.6240652277998935,1,0,16,1,0.09090909090909091
sharded-GSM8K/875,2,0,2,7.366445148327599,1,0,16,2,0.18181818181818182
sharded-GSM8K/875,3,0,3,7.8528278122817445,1,0,16,2,0.18181818181818182
sharded-GSM8K/875,4,0,4,7.96311205897929,1,0,16,2,0.18181818181818182
sharded-GSM8K/875,5,0,5,6.92461239604856,0,0,16,3,0.2727272727272727
sharded-GSM8K/875,6,0,6,7.065613363597717,0,0,16,4,0.36363636363636365
sharded-GSM8K/875,7,0,7,6.555356891810665,1,0,16,5,0.45454545454545453
sharded-GSM8K/875,8,0,8,7.871692664323645,0,0,16,5,0.45454545454545453
sharded-GSM8K/875,9,0,9,7.134890851565884,1,0,16,6,0.5454545454545454
sharded-GSM8K/875,10,0,10,7.803435056952168,1,0,16,7,0.6363636363636364
sharded-GSM8K/875,11,0,11,7.530479995245536,1,0,16,7,0.6363636363636364
sharded-GSM8K/875,12,0,12,7.822444729489319,1,0,16,8,0.7272727272727273
sharded-GSM8K/875,13,0,13,7.396948602621014,1,0,16,8,0.7272727272727273
sharded-GSM8K/875,14,0,14,8.459987717645458,0,0,16,9,0.8181818181818182
sharded-GSM8K/875,15,0,15,7.79934339821592,0,0,16,10,0.9090909090909091
sharded-GSM8K/875,16,0,16,6.4457198193855785,1,0,16,11,1.0
sharded-GSM8K/961,2,0,2,7.45182223652793,1,0,30,1,0.03571428571428571
sharded-GSM8K/961,3,0,3,8.343553835005117,1,0,30,2,0.07142857142857142
sharded-GSM8K/961,4,0,4,8.057060681965766,1,0,30,3,0.10714285714285714
sharded-GSM8K/961,5,0,5,7.687538766201629,0,0,30,4,0.14285714285714285
sharded-GSM8K/961,6,0,6,7.534228326274089,1,0,30,5,0.17857142857142858
sharded-GSM8K/961,7,0,7,8.010027528481734,1,0,30,6,0.21428571428571427
sharded-GSM8K/961,8,0,8,8.173293438966228,0,0,30,7,0.25
sharded-GSM8K/961,9,0,9,7.916807490937603,1,0,30,8,0.2857142857142857
sharded-GSM8K/961,10,0,10,8.0861025356691,0,0,30,8,0.2857142857142857
sharded-GSM8K/961,11,0,11,7.75833346749091,0,0,30,9,0.32142857142857145
sharded-GSM8K/961,12,0,12,7.8013913202914855,1,0,30,10,0.35714285714285715
sharded-GSM8K/961,13,0,13,7.744136627627991,0,0,30,11,0.39285714285714285
sharded-GSM8K/961,14,0,14,7.958576903813898,0,0,30,12,0.42857142857142855
sharded-GSM8K/961,15,0,15,7.44716835960004,0,0,30,13,0.4642857142857143
sharded-GSM8K/961,16,0,16,8.39615486303918,1,0,30,14,0.5
sharded-GSM8K/961,17,0,17,8.026823576217629,1,0,30,15,0.5357142857142857
sharded-GSM8K/961,18,0,18,8.075893630298857,0,0,30,16,0.5714285714285714
sharded-GSM8K/961,19,0,19,7.77863014732581,0,0,30,17,0.6071428571428571
sharded-GSM8K/961,20,0,20,8.503094267036737,0,0,30,18,0.6428571428571429
sharded-GSM8K/961,21,0,21,7.550135342488429,1,0,30,19,0.6785714285714286
sharded-GSM8K/961,22,0,22,7.3098814858247865,1,0,30,20,0.7142857142857143
sharded-GSM8K/961,23,0,23,8.25608813381491,0,0,30,21,0.75
sharded-GSM8K/961,24,0,24,8.36799688505411,0,0,30,22,0.7857142857142857
sharded-GSM8K/961,25,0,25,7.593877844605118,0,0,30,23,0.8214285714285714
sharded-GSM8K/961,26,1,26,7.875119281040293,0,0,30,24,0.8571428571428571
sharded-GSM8K/961,27,0,27,7.240649694255466,1,1,30,25,0.8928571428571429
sharded-GSM8K/961,28,1,28,7.313220387090301,1,0,30,26,0.9285714285714286
sharded-GSM8K/961,29,1,29,7.576097340623111,0,1,30,27,0.9642857142857143
sharded-GSM8K/961,30,0,30,7.4770384723196965,0,1,30,28,1.0
sharded-GSM8K/435,1,0,1,6.182084906716632,1,0,11,1,0.1111111111111111
sharded-GSM8K/435,2,0,2,8.4071550862073,1,0,11,1,0.1111111111111111
sharded-GSM8K/435,3,0,3,8.415603335654604,0,0,11,2,0.2222222222222222
sharded-GSM8K/435,4,0,4,7.666690200080086,1,0,11,3,0.3333333333333333
sharded-GSM8K/435,5,1,5,7.818832443803404,0,0,11,3,0.3333333333333333
sharded-GSM8K/435,6,0,6,7.643482907077201,0,1,11,4,0.4444444444444444
sharded-GSM8K/435,7,0,7,7.899153483343097,1,0,11,5,0.5555555555555556
sharded-GSM8K/435,8,1,8,7.397561535524052,1,0,11,6,0.6666666666666666
sharded-GSM8K/435,9,0,9,7.4133673356952405,0,1,11,7,0.7777777777777778
sharded-GSM8K/435,10,1,10,7.507690077819904,0,0,11,8,0.8888888888888888
sharded-GSM8K/435,11,1,11,7.249925536717988,0,1,11,9,1.0
sharded-GSM8K/1287,1,0,1,6.236369590203704,1,0,30,1,0.05263157894736842
sharded-GSM8K/1287,2,0,2,7.716906135298388,0,0,30,2,0.10526315789473684
sharded-GSM8K/1287,3,0,3,7.9976631270201,1,0,30,3,0.15789473684210525
sharded-GSM8K/1287,4,0,4,8.188966863648876,0,0,30,4,0.21052631578947367
sharded-GSM8K/1287,5,0,5,8.03365842788615,1,0,30,5,0.2631578947368421
sharded-GSM8K/1287,6,0,6,7.748460023899697,0,0,30,6,0.3157894736842105
sharded-GSM8K/1287,7,0,7,7.383989457978509,0,0,30,6,0.3157894736842105
sharded-GSM8K/1287,8,0,8,7.471363088187097,0,0,30,7,0.3684210526315789
sharded-GSM8K/1287,9,1,9,8.386172928977834,0,0,30,8,0.42105263157894735
sharded-GSM8K/1287,10,0,10,7.969011781106478,0,1,30,8,0.42105263157894735
sharded-GSM8K/1287,11,1,11,8.152774052744075,0,0,30,9,0.47368421052631576
sharded-GSM8K/1287,12,1,12,7.502738210754851,1,1,30,9,0.47368421052631576
sharded-GSM8K/1287,13,0,13,7.960672608388117,1,1,30,9,0.47368421052631576
sharded-GSM8K/1287,14,0,14,7.984121958702927,1,0,30,9,0.47368421052631576
sharded-GSM8K/1287,15,0,15,7.752335163302292,1,0,30,9,0.47368421052631576
sharded-GSM8K/1287,16,0,16,7.21890970761906,1,0,30,9,0.47368421052631576
sharded-GSM8K/1287,17,0,17,8.323365694436081,1,0,30,9,0.47368421052631576
sharded-GSM8K/1287,18,0,18,8.355379895253634,1,0,30,10,0.5263157894736842
sharded-GSM8K/1287,19,0,19,8.405591014834934,1,0,30,11,0.5789473684210527
sharded-GSM8K/1287,20,0,20,8.224431573221159,1,0,30,12,0.631578947368421
sharded-GSM8K/1287,21,0,21,8.37816098272068,1,0,30,13,0.6842105263157895
sharded-GSM8K/1287,22,1,22,7.80057265467065,0,0,30,14,0.7368421052631579
sharded-GSM8K/1287,23,0,23,7.75190533307861,0,1,30,14,0.7368421052631579
sharded-GSM8K/1287,24,0,24,7.6487397889562425,1,0,30,15,0.7894736842105263
sharded-GSM8K/1287,25,0,25,7.22402480828583,1,0,30,16,0.8421052631578947
sharded-GSM8K/1287,26,0,26,7.1284959456800365,0,0,30,17,0.8947368421052632
sharded-GSM8K/1287,27,0,27,7.768110378525988,0,0,30,18,0.9473684210526315
sharded-GSM8K/1287,28,0,28,7.24422751560335,1,0,30,18,0.9473684210526315
sharded-GSM8K/1287,29,0,29,7.486613313139955,0,0,30,19,1.0
sharded-GSM8K/1287,30,0,30,7.793174347189205,1,0,30,19,1.0
sharded-GSM8K/1247,2,0,2,8.003697339094368,1,0,30,2,0.06666666666666667
sharded-GSM8K/1247,3,0,3,6.954638864880987,0,0,30,3,0.1
sharded-GSM8K/1247,4,0,4,8.145549631783584,1,0,30,4,0.13333333333333333
sharded-GSM8K/1247,5,1,5,8.153061946801051,0,0,30,5,0.16666666666666666
sharded-GSM8K/1247,6,1,6,7.473637108496206,0,1,30,6,0.2
sharded-GSM8K/1247,7,1,7,7.603897968521881,0,1,30,7,0.23333333333333334
sharded-GSM8K/1247,8,1,8,7.568379267836522,0,1,30,8,0.26666666666666666
sharded-GSM8K/1247,9,1,9,8.015987811027237,0,1,30,9,0.3
sharded-GSM8K/1247,10,0,10,7.884199933676039,0,1,30,10,0.3333333333333333
sharded-GSM8K/1247,11,1,11,7.275864600546533,0,0,30,11,0.36666666666666664
sharded-GSM8K/1247,12,1,12,7.577121930876679,0,1,30,12,0.4
sharded-GSM8K/1247,13,0,13,7.199678345691172,0,1,30,13,0.43333333333333335
sharded-GSM8K/1247,14,1,14,6.8690144506657065,0,0,30,14,0.4666666666666667
sharded-GSM8K/1247,15,1,15,7.04141166379481,0,1,30,15,0.5
sharded-GSM8K/1247,16,1,16,7.945201132412759,0,1,30,16,0.5333333333333333
sharded-GSM8K/1247,17,0,17,6.369900982828227,0,1,30,17,0.5666666666666667
sharded-GSM8K/1247,18,1,18,7.472500744737558,0,0,30,18,0.6
sharded-GSM8K/1247,19,0,19,8.080856419640986,0,1,30,19,0.6333333333333333
sharded-GSM8K/1247,20,0,20,7.123672785204607,0,0,30,20,0.6666666666666666
sharded-GSM8K/1247,21,0,21,6.444131256700441,0,0,30,21,0.7
sharded-GSM8K/1247,22,1,22,7.7354333524996886,0,0,30,22,0.7333333333333333
sharded-GSM8K/1247,23,0,23,6.561030665896573,0,1,30,23,0.7666666666666667
sharded-GSM8K/1247,24,1,24,7.168579897264035,0,0,30,24,0.8
sharded-GSM8K/1247,25,0,25,8.168486417126681,0,1,30,25,0.8333333333333334
sharded-GSM8K/1247,26,0,26,7.429520842786462,1,0,30,26,0.8666666666666667
sharded-GSM8K/1247,27,1,27,5.921578419643816,0,0,30,27,0.9
sharded-GSM8K/1247,28,1,28,5.472270673671475,0,1,30,28,0.9333333333333333
sharded-GSM8K/1247,29,0,29,6.118097198041348,0,1,30,29,0.9666666666666667
sharded-GSM8K/1247,30,0,30,7.3343293503005365,0,0,30,30,1.0
sharded-GSM8K/927,1,0,1,6.697034247666484,1,0,2,1,0.5
sharded-GSM8K/927,2,0,2,7.592870287844818,1,0,2,2,1.0
sharded-GSM8K/234,1,0,1,6.555356891810665,1,0,30,1,0.037037037037037035
sharded-GSM8K/234,2,0,2,7.956827122090111,1,0,30,2,0.07407407407407407
sharded-GSM8K/234,3,0,3,7.884576510596324,0,0,30,3,0.1111111111111111
sharded-GSM8K/234,4,0,4,8.726967774991493,1,0,30,4,0.14814814814814814
sharded-GSM8K/234,5,0,5,8.114623886420098,0,0,30,5,0.18518518518518517
sharded-GSM8K/234,6,0,6,7.771067086065406,0,0,30,6,0.2222222222222222
sharded-GSM8K/234,7,0,7,8.110427237575024,0,0,30,7,0.25925925925925924
sharded-GSM8K/234,8,1,8,8.504715669905124,0,0,30,7,0.25925925925925924
sharded-GSM8K/234,9,0,9,8.146129510025405,1,1,30,8,0.2962962962962963
sharded-GSM8K/234,10,0,10,8.407601514786142,1,0,30,9,0.3333333333333333
sharded-GSM8K/234,11,0,11,8.046869510959576,1,0,30,10,0.37037037037037035
sharded-GSM8K/234,12,0,12,8.146419323098003,1,0,30,10,0.37037037037037035
sharded-GSM8K/234,13,1,13,7.685703061234547,1,0,30,11,0.4074074074074074
sharded-GSM8K/234,14,0,14,7.866722285136729,1,1,30,12,0.4444444444444444
sharded-GSM8K/234,15,0,15,8.205218426395412,0,0,30,13,0.48148148148148145
sharded-GSM8K/234,16,0,16,7.9247959139564355,1,0,30,14,0.5185185185185185
sharded-GSM8K/234,17,0,17,8.037866234709618,1,0,30,15,0.5555555555555556
sharded-GSM8K/234,18,0,18,8.0702808933939,1,0,30,15,0.5555555555555556
sharded-GSM8K/234,19,0,19,7.98514393119862,0,0,30,16,0.5925925925925926
sharded-GSM8K/234,20,0,20,7.841885928984623,1,0,30,17,0.6296296296296297
sharded-GSM8K/234,21,1,21,7.877397186353287,1,0,30,18,0.6666666666666666
sharded-GSM8K/234,22,0,22,7.487733761436444,0,1,30,19,0.7037037037037037
sharded-GSM8K/234,23,1,23,7.700295203420117,0,0,30,20,0.7407407407407407
sharded-GSM8K/234,24,0,24,7.653494909661253,0,1,30,21,0.7777777777777778
sharded-GSM8K/234,25,1,25,7.405495663199472,0,0,30,22,0.8148148148148148
sharded-GSM8K/234,26,1,26,7.6760099320288875,0,1,30,23,0.8518518518518519
sharded-GSM8K/234,27,0,27,7.388946097618437,0,1,30,24,0.8888888888888888
sharded-GSM8K/234,28,0,28,7.438971592395862,0,0,30,25,0.9259259259259259
sharded-GSM8K/234,29,1,29,7.301822342137932,0,0,30,26,0.9629629629629629
sharded-GSM8K/234,30,1,30,7.674617497364363,0,1,30,27,1.0
sharded-GSM8K/535,3,1,3,7.529943370601589,1,0,11,2,0.25
sharded-GSM8K/535,4,0,4,8.388905171114706,1,1,11,3,0.375
sharded-GSM8K/535,5,0,5,8.01102337918644,0,0,11,4,0.5
sharded-GSM8K/535,6,1,6,7.321849713788356,0,0,11,4,0.5
sharded-GSM8K/535,7,0,7,8.103796712981794,0,1,11,4,0.5
sharded-GSM8K/535,8,1,8,8.043342170441608,0,0,11,5,0.625
sharded-GSM8K/535,9,1,9,7.687997166393016,0,1,11,6,0.75
sharded-GSM8K/535,10,0,10,6.940222469119639,0,1,11,7,0.875
sharded-GSM8K/535,11,0,11,8.410498452745275,1,0,11,8,1.0
sharded-GSM8K/825,2,0,2,7.347943823148687,1,0,21,2,0.2857142857142857
sharded-GSM8K/825,3,0,3,7.675546002537848,1,0,21,2,0.2857142857142857
sharded-GSM8K/825,3,1,3,7.646353722445999,1,0,21,2,0.2857142857142857
sharded-GSM8K/825,4,0,4,7.923710333969238,1,1,21,3,0.42857142857142855
sharded-GSM8K/825,4,0,4,7.1808311990445555,0,0,21,3,0.42857142857142855
sharded-GSM8K/825,5,0,5,7.9672801789422,1,0,21,4,0.5714285714285714
sharded-GSM8K/825,5,1,5,7.526178913346146,0,0,21,4,0.5714285714285714
sharded-GSM8K/825,6,0,6,7.724004656676065,1,1,21,5,0.7142857142857143
sharded-GSM8K/825,6,0,6,8.344267356262645,1,0,21,5,0.7142857142857143
sharded-GSM8K/825,7,0,7,8.053887083618223,1,0,21,6,0.8571428571428571
sharded-GSM8K/825,7,0,7,8.010359588919783,1,0,21,6,0.8571428571428571
sharded-GSM8K/825,8,1,8,7.977968093128549,1,0,21,6,0.8571428571428571
sharded-GSM8K/825,8,0,8,7.727535110475448,1,1,21,6,0.8571428571428571
sharded-GSM8K/825,9,0,9,7.613818684808629,0,0,21,7,1.0
sharded-GSM8K/825,9,0,9,7.526717561352706,0,0,21,7,1.0
sharded-GSM8K/825,10,0,10,8.338783971442199,1,0,21,4,0.5714285714285714
sharded-GSM8K/825,12,0,12,8.334951631422454,1,0,21,5,0.7142857142857143
sharded-GSM8K/1269,1,0,1,6.401917196727186,1,0,59,1,0.3333333333333333
sharded-GSM8K/1269,2,0,2,7.291656209174461,1,0,59,2,0.6666666666666666
sharded-GSM8K/1269,2,1,2,8.085794701281568,0,0,59,2,0.6666666666666666
sharded-GSM8K/1269,3,1,3,7.984803389734406,0,1,59,2,0.6666666666666666
sharded-GSM8K/1269,4,1,4,8.501063809486354,1,1,59,2,0.6666666666666666
sharded-GSM8K/1269,5,0,5,8.08301991917133,0,1,59,2,0.6666666666666666
sharded-GSM8K/1269,5,0,5,6.7464121285733745,0,0,59,2,0.6666666666666666
sharded-GSM8K/1269,6,0,6,7.951911381854188,0,0,59,2,0.6666666666666666
sharded-GSM8K/1269,6,1,6,6.104793232414985,0,0,59,2,0.6666666666666666
sharded-GSM8K/1269,7,1,7,8.352554369474591,0,1,59,2,0.6666666666666666
sharded-GSM8K/1269,7,1,7,7.771910256435763,0,1,59,2,0.6666666666666666
sharded-GSM8K/1269,8,0,8,7.947325027016463,1,1,59,2,0.6666666666666666
sharded-GSM8K/1269,8,1,8,7.797291273547472,1,0,59,2,0.6666666666666666
sharded-GSM8K/1269,9,0,9,7.716906135298388,1,1,59,2,0.6666666666666666
sharded-GSM8K/1269,9,1,9,7.173958319756794,1,0,59,2,0.6666666666666666
sharded-GSM8K/1269,10,1,10,7.9672801789422,1,1,59,2,0.6666666666666666
sharded-GSM8K/1269,10,1,10,6.829793737512425,1,1,59,2,0.6666666666666666
sharded-GSM8K/1269,11,0,11,7.928406026180535,1,1,59,2,0.6666666666666666
sharded-GSM8K/1269,11,1,11,8.043020885298283,1,0,59,2,0.6666666666666666
sharded-GSM8K/1269,12,1,12,8.256607344626158,1,1,59,2,0.6666666666666666
sharded-GSM8K/1269,12,1,12,6.652863029353347,1,1,59,2,0.6666666666666666
sharded-GSM8K/1269,13,0,13,7.833203948641057,1,1,59,2,0.6666666666666666
sharded-GSM8K/1269,13,1,13,8.19533366716287,1,0,59,2,0.6666666666666666
sharded-GSM8K/1269,14,0,14,8.655214489313613,1,1,59,2,0.6666666666666666
sharded-GSM8K/1269,14,1,14,6.539585955617669,1,0,59,2,0.6666666666666666
sharded-GSM8K/1269,15,0,15,7.850882664809852,1,1,59,2,0.6666666666666666
sharded-GSM8K/1269,15,1,15,8.150756470275551,1,0,59,2,0.6666666666666666
sharded-GSM8K/1269,16,0,16,8.01532730902172,1,1,59,2,0.6666666666666666
sharded-GSM8K/1269,16,1,16,7.854381210652365,1,0,59,2,0.6666666666666666
sharded-GSM8K/1269,17,0,17,8.000349495324684,1,1,59,2,0.6666666666666666
sharded-GSM8K/1269,17,1,17,7.1592919047975645,1,0,59,2,0.6666666666666666
sharded-GSM8K/1269,18,0,18,7.814399633804487,1,1,59,2,0.6666666666666666
sharded-GSM8K/1269,18,1,18,7.664815785285735,1,0,59,2,0.6666666666666666
sharded-GSM8K/1269,19,0,19,7.898411092811599,1,1,59,2,0.6666666666666666
sharded-GSM8K/1269,19,1,19,7.828436359157585,1,0,59,2,0.6666666666666666
sharded-GSM8K/1269,20,1,20,7.533693709848633,1,1,59,3,1.0
sharded-GSM8K/1269,20,1,20,8.113426639943654,1,1,59,3,1.0
sharded-GSM8K/1269,21,0,21,7.928045600874777,1,1,59,3,1.0
sharded-GSM8K/1269,21,1,21,6.54534966033442,1,0,59,3,1.0
sharded-GSM8K/1269,22,1,22,8.250620082174692,1,1,59,3,1.0
sharded-GSM8K/1269,22,1,22,5.973809611869261,1,1,59,3,1.0
sharded-GSM8K/1269,23,0,23,8.079927770758275,1,1,59,3,1.0
sharded-GSM8K/1269,23,1,23,7.101675971619444,1,0,59,3,1.0
sharded-GSM8K/1269,24,0,24,7.8013913202914855,1,1,59,3,1.0
sharded-GSM8K/1269,24,1,24,8.012349639327795,1,0,59,3,1.0
sharded-GSM8K/1269,25,0,25,7.798112628829788,1,1,59,3,1.0
sharded-GSM8K/1269,25,1,25,7.765569081097317,1,0,59,3,1.0
sharded-GSM8K/1269,26,0,26,7.584773077612199,1,1,59,3,1.0
sharded-GSM8K/1269,26,1,26,7.1693500166706,1,0,59,3,1.0
sharded-GSM8K/1269,27,0,27,8.087332926473351,1,1,59,3,1.0
sharded-GSM8K/1269,27,1,27,7.183870715062453,1,0,59,3,1.0
sharded-GSM8K/1269,28,0,28,8.09437844497296,1,1,59,3,1.0
sharded-GSM8K/1269,28,1,28,7.622663951323595,1,0,59,3,1.0
sharded-GSM8K/1269,29,0,29,7.792761720816526,1,1,59,3,1.0
sharded-GSM8K/1269,29,1,29,6.548219102762372,1,0,59,3,1.0
sharded-GSM8K/1269,30,1,30,6.139884552226255,0,1,59,3,1.0
sharded-GSM8K/991,1,0,1,6.363028103540465,1,0,15,1,0.2
sharded-GSM8K/991,2,0,2,8.12355783506165,1,0,15,2,0.4
sharded-GSM8K/991,3,0,3,8.251142139090751,0,0,15,3,0.6
sharded-GSM8K/991,4,0,4,8.01532730902172,0,0,15,4,0.8
sharded-GSM8K/991,5,0,5,8.525359754082631,0,0,15,4,0.8
sharded-GSM8K/991,6,0,6,8.200562797008564,0,0,15,4,0.8
sharded-GSM8K/991,7,0,7,8.478452363099807,1,0,15,4,0.8
sharded-GSM8K/991,8,0,8,7.813591552952433,1,0,15,4,0.8
sharded-GSM8K/991,9,0,9,8.448485993406447,1,0,15,4,0.8
sharded-GSM8K/991,10,0,10,7.779466967458324,0,0,15,4,0.8
sharded-GSM8K/991,11,0,11,7.583756300707112,1,0,15,4,0.8
sharded-GSM8K/991,12,0,12,8.053887083618223,1,0,15,4,0.8
sharded-GSM8K/991,13,0,13,7.565793282428515,1,0,15,4,0.8
sharded-GSM8K/991,14,0,14,8.231642179973411,1,0,15,4,0.8
sharded-GSM8K/991,15,0,15,8.550627967502475,0,0,15,5,1.0
sharded-GSM8K/576,1,0,1,5.7745515455444085,1,0,30,1,0.16666666666666666
sharded-GSM8K/576,2,0,2,7.430114138561801,1,0,30,2,0.3333333333333333
sharded-GSM8K/576,3,0,3,7.504391559161238,0,0,30,2,0.3333333333333333
sharded-GSM8K/576,4,0,4,7.290292882446597,0,0,30,2,0.3333333333333333
sharded-GSM8K/576,5,1,5,7.56164174558878,0,0,30,2,0.3333333333333333
sharded-GSM8K/576,6,0,6,8.16876982367527,1,1,30,2,0.3333333333333333
sharded-GSM8K/576,7,1,7,7.649692623711514,0,0,30,3,0.5
sharded-GSM8K/576,8,0,8,8.196161139282902,0,1,30,4,0.6666666666666666
sharded-GSM8K/576,9,0,9,7.349873704738337,0,0,30,5,0.8333333333333334
sharded-GSM8K/576,10,0,10,7.527255919373784,1,0,30,5,0.8333333333333334
sharded-GSM8K/576,11,0,11,7.431299675155903,1,0,30,5,0.8333333333333334
sharded-GSM8K/576,12,0,12,7.962763930168115,0,0,30,5,0.8333333333333334
sharded-GSM8K/576,13,1,13,7.374001859350161,0,0,30,5,0.8333333333333334
sharded-GSM8K/576,14,1,14,7.754481547470383,0,1,30,5,0.8333333333333334
sharded-GSM8K/576,15,0,15,7.414572881350589,0,1,30,5,0.8333333333333334
sharded-GSM8K/576,16,1,16,7.204892510204673,0,0,30,5,0.8333333333333334
sharded-GSM8K/576,17,1,17,7.43307534889858,0,1,30,5,0.8333333333333334
sharded-GSM8K/576,18,1,18,7.873978379604501,0,1,30,5,0.8333333333333334
sharded-GSM8K/576,19,0,19,7.48605261786314,0,1,30,5,0.8333333333333334
sharded-GSM8K/576,20,0,20,7.491645473605133,0,0,30,5,0.8333333333333334
sharded-GSM8K/576,21,1,21,7.1929342212158,0,0,30,5,0.8333333333333334
sharded-GSM8K/576,22,1,22,7.354362330421477,0,1,30,5,0.8333333333333334
sharded-GSM8K/576,23,1,23,7.578656850594762,0,1,30,5,0.8333333333333334
sharded-GSM8K/576,24,0,24,7.804659297056102,1,1,30,5,0.8333333333333334
sharded-GSM8K/576,25,1,25,7.237059026124737,1,0,30,5,0.8333333333333334
sharded-GSM8K/576,26,1,26,7.698029170272805,0,1,30,5,0.8333333333333334
sharded-GSM8K/576,27,0,27,7.577121930876679,0,1,30,5,0.8333333333333334
sharded-GSM8K/576,28,0,28,7.824046010856292,0,0,30,5,0.8333333333333334
sharded-GSM8K/576,29,0,29,7.069874128458572,0,0,30,6,1.0
sharded-GSM8K/576,30,0,30,7.344072850573066,0,0,30,6,1.0
sharded-GSM8K/829,2,0,2,7.9714309977693505,1,0,30,2,0.4
sharded-GSM8K/829,3,0,3,7.1731917424865985,0,0,30,2,0.4
sharded-GSM8K/829,4,1,4,7.163946684342547,0,0,30,2,0.4
sharded-GSM8K/829,5,1,5,8.026170194946426,0,1,30,2,0.4
sharded-GSM8K/829,6,0,6,8.613956859848546,1,1,30,2,0.4
sharded-GSM8K/829,7,1,7,7.908019444632471,1,0,30,3,0.6
sharded-GSM8K/829,8,1,8,7.746732907753622,0,1,30,3,0.6
sharded-GSM8K/829,9,1,9,7.829232537543592,0,1,30,3,0.6
sharded-GSM8K/829,10,1,10,7.506591780070841,0,1,30,3,0.6
sharded-GSM8K/829,11,1,11,7.813187267521416,0,1,30,3,0.6
sharded-GSM8K/829,12,1,12,5.318119993844216,0,1,30,3,0.6
sharded-GSM8K/829,13,1,13,8.021584533455107,0,1,30,3,0.6
sharded-GSM8K/829,14,1,14,7.75190533307861,0,1,30,3,0.6
sharded-GSM8K/829,15,1,15,7.839131648274333,0,1,30,3,0.6
sharded-GSM8K/829,16,1,16,7.647308832356238,0,1,30,3,0.6
sharded-GSM8K/829,17,0,17,8.005367067316664,0,1,30,3,0.6
sharded-GSM8K/829,18,1,18,7.743269700829004,0,0,30,3,0.6
sharded-GSM8K/829,19,0,19,7.480428306074208,0,1,30,3,0.6
sharded-GSM8K/829,20,1,20,7.547501682814967,0,0,30,3,0.6
sharded-GSM8K/829,21,0,21,8.627123250788433,1,1,30,4,0.8
sharded-GSM8K/829,22,0,22,8.07837810362652,1,0,30,4,0.8
sharded-GSM8K/829,23,0,23,8.39931015075952,1,0,30,4,0.8
sharded-GSM8K/829,24,0,24,8.359603270841466,1,0,30,4,0.8
sharded-GSM8K/829,25,1,25,7.856319571406588,0,0,30,4,0.8
sharded-GSM8K/829,26,0,26,7.841885928984623,1,1,30,5,1.0
sharded-GSM8K/829,27,1,27,7.76004068088038,0,0,30,5,1.0
sharded-GSM8K/829,28,0,28,8.233768709217097,1,1,30,5,1.0
sharded-GSM8K/829,29,0,29,8.238008249218403,1,0,30,5,1.0
sharded-GSM8K/829,30,1,30,8.072779333169498,0,0,30,5,1.0
sharded-GSM8K/315,2,0,2,7.701652362642226,1,0,12,1,0.2
sharded-GSM8K/315,3,0,3,8.349957272040324,1,0,12,2,0.4
sharded-GSM8K/315,4,0,4,7.418180822726788,1,0,12,3,0.6
sharded-GSM8K/315,5,0,5,7.721348612617949,1,0,12,4,0.8
sharded-GSM8K/315,6,0,6,6.807934943699926,0,0,12,4,0.8
sharded-GSM8K/315,7,0,7,6.839476438228843,1,0,12,4,0.8
sharded-GSM8K/315,8,0,8,7.936302693201959,1,0,12,5,1.0
sharded-GSM8K/315,9,0,9,7.502738210754851,0,0,12,5,1.0
sharded-GSM8K/315,10,0,10,7.877017895622398,1,0,12,5,1.0
sharded-GSM8K/315,11,1,11,7.728855823852543,1,0,12,5,1.0
sharded-GSM8K/315,12,0,12,8.280964400553373,1,1,12,5,1.0
sharded-GSM8K/189,1,0,1,6.021023349349527,1,0,30,1,0.07142857142857142
sharded-GSM8K/189,2,0,2,7.792761720816526,1,0,30,2,0.14285714285714285
sharded-GSM8K/189,3,0,3,8.147288258706624,0,0,30,2,0.14285714285714285
sharded-GSM8K/189,4,0,4,7.765993079407675,1,0,30,2,0.14285714285714285
sharded-GSM8K/189,5,0,5,7.812782818577581,0,0,30,2,0.14285714285714285
sharded-GSM8K/189,6,1,6,7.846198815497425,0,0,30,2,0.14285714285714285
sharded-GSM8K/189,7,1,7,7.987524479848767,0,1,30,2,0.14285714285714285
sharded-GSM8K/189,8,0,8,7.8636512654486515,0,1,30,2,0.14285714285714285
sharded-GSM8K/189,9,0,9,8.042699496897637,1,0,30,2,0.14285714285714285
sharded-GSM8K/189,10,1,10,8.215276958936633,1,0,30,2,0.14285714285714285
sharded-GSM8K/189,11,1,11,7.156176637480615,0,1,30,2,0.14285714285714285
sharded-GSM8K/189,12,1,12,7.544861068658458,0,1,30,2,0.14285714285714285
sharded-GSM8K/189,13,0,13,8.127699852817772,0,1,30,2,0.14285714285714285
sharded-GSM8K/189,14,0,14,7.923710333969238,1,0,30,3,0.21428571428571427
sharded-GSM8K/189,15,0,15,8.065579427282092,1,0,30,3,0.21428571428571427
sharded-GSM8K/189,16,0,16,7.629489916393995,1,0,30,4,0.2857142857142857
sharded-GSM8K/189,17,0,17,7.58629630715272,1,0,30,4,0.2857142857142857
sharded-GSM8K/189,18,0,18,7.775695749915245,0,0,30,4,0.2857142857142857
sharded-GSM8K/189,19,1,19,7.424165281042028,1,0,30,5,0.35714285714285715
sharded-GSM8K/189,20,0,20,8.000684784514748,0,1,30,6,0.42857142857142855
sharded-GSM8K/189,21,0,21,8.167068178341237,0,0,30,6,0.42857142857142855
sharded-GSM8K/189,22,0,22,7.897296472595885,1,0,30,7,0.5
sharded-GSM8K/189,23,0,23,8.135639903354386,0,0,30,8,0.5714285714285714
sharded-GSM8K/189,24,0,24,8.116715624819111,1,0,30,9,0.6428571428571429
sharded-GSM8K/189,25,0,25,7.462214939768189,1,0,30,10,0.7142857142857143
sharded-GSM8K/189,26,0,26,7.855932199718614,0,0,30,11,0.7857142857142857
sharded-GSM8K/189,27,0,27,8.033009498596668,1,0,30,12,0.8571428571428571
sharded-GSM8K/189,28,0,28,7.930925372483388,0,0,30,13,0.9285714285714286
sharded-GSM8K/189,29,1,29,7.3277805384216315,0,0,30,13,0.9285714285714286
sharded-GSM8K/189,30,0,30,7.289610521451167,0,1,30,14,1.0
sharded-GSM8K/929,1,1,1,5.846438775057725,1,0,12,1,0.14285714285714285
sharded-GSM8K/929,2,0,2,7.850103545175582,1,1,12,2,0.2857142857142857
sharded-GSM8K/929,3,0,3,8.19450550976564,1,0,12,3,0.42857142857142855
sharded-GSM8K/929,4,1,4,7.86940171257709,0,0,12,4,0.5714285714285714
sharded-GSM8K/929,5,0,5,7.9748769005588755,0,1,12,4,0.5714285714285714
sharded-GSM8K/929,6,0,6,8.010359588919783,1,0,12,4,0.5714285714285714
sharded-GSM8K/929,7,0,7,7.710653323501202,1,0,12,5,0.7142857142857143
sharded-GSM8K/929,8,0,8,7.717351272185329,1,0,12,6,0.8571428571428571
sharded-GSM8K/929,9,0,9,6.4457198193855785,0,0,12,6,0.8571428571428571
sharded-GSM8K/929,10,0,10,5.934894195619588,1,0,12,6,0.8571428571428571
sharded-GSM8K/929,11,0,11,7.427144133408616,0,0,12,6,0.8571428571428571
sharded-GSM8K/929,12,0,12,8.275121630216509,1,0,12,7,1.0
sharded-GSM8K/158,1,0,1,5.8916442118257715,1,0,17,1,0.1111111111111111
sharded-GSM8K/158,2,0,2,8.294799358992574,1,0,17,1,0.1111111111111111
sharded-GSM8K/158,3,0,3,7.252053951852814,1,0,17,1,0.1111111111111111
sharded-GSM8K/158,4,0,4,8.15248607578024,1,0,17,1,0.1111111111111111
sharded-GSM8K/158,5,0,5,7.444833273892193,0,0,17,1,0.1111111111111111
sharded-GSM8K/158,6,1,6,7.611347717403621,1,0,17,1,0.1111111111111111
sharded-GSM8K/158,7,1,7,8.522976436171964,1,1,17,1,0.1111111111111111
sharded-GSM8K/158,8,0,8,8.523970175695261,0,1,17,1,0.1111111111111111
sharded-GSM8K/158,9,0,9,7.601901959875166,1,0,17,2,0.2222222222222222
sharded-GSM8K/158,10,0,10,7.891330757661889,1,0,17,3,0.3333333333333333
sharded-GSM8K/158,11,0,11,8.68270762989381,1,0,17,4,0.4444444444444444
sharded-GSM8K/158,12,0,12,7.77779262633883,1,0,17,5,0.5555555555555556
sharded-GSM8K/158,13,0,13,8.404919948933452,1,0,17,5,0.5555555555555556
sharded-GSM8K/158,14,0,14,7.313886831633462,1,0,17,6,0.6666666666666666
sharded-GSM8K/158,15,0,15,8.464003362902119,1,0,17,7,0.7777777777777778
sharded-GSM8K/158,16,0,16,8.188133414510478,1,0,17,8,0.8888888888888888
sharded-GSM8K/158,17,0,17,8.354203562921775,1,0,17,9,1.0
sharded-GSM8K/584,1,1,1,5.7430031878094825,1,0,14,1,0.08333333333333333
sharded-GSM8K/584,2,1,2,7.377133712833954,1,1,14,1,0.08333333333333333
sharded-GSM8K/584,3,0,3,8.161089512845797,1,1,14,1,0.08333333333333333
sharded-GSM8K/584,4,0,4,8.450839690866216,1,0,14,2,0.16666666666666666
sharded-GSM8K/584,5,0,5,7.4413203897176174,1,0,14,3,0.25
sharded-GSM8K/584,6,0,6,7.8636512654486515,0,0,14,4,0.3333333333333333
sharded-GSM8K/584,7,0,7,8.173857454773621,1,0,14,5,0.4166666666666667
sharded-GSM8K/584,8,0,8,7.749322464660356,0,0,14,6,0.5
sharded-GSM8K/584,9,0,9,8.030084094267563,0,0,14,7,0.5833333333333334
sharded-GSM8K/584,10,0,10,8.235360643753348,1,0,14,8,0.6666666666666666
sharded-GSM8K/584,11,0,11,8.054522609537294,0,0,14,9,0.75
sharded-GSM8K/584,12,1,12,8.392536586816682,1,0,14,10,0.8333333333333334
sharded-GSM8K/584,13,1,13,7.725330037917135,0,1,14,11,0.9166666666666666
sharded-GSM8K/584,14,1,14,6.133398042996649,0,1,14,12,1.0
sharded-GSM8K/178,1,0,1,6.419994928147142,1,0,9,1,0.16666666666666666
sharded-GSM8K/178,2,0,2,8.299534570332597,0,0,9,2,0.3333333333333333
sharded-GSM8K/178,3,0,3,7.093404625868766,0,0,9,2,0.3333333333333333
sharded-GSM8K/178,4,0,4,7.841492924460013,1,0,9,2,0.3333333333333333
sharded-GSM8K/178,5,0,5,7.191429330036379,1,0,9,2,0.3333333333333333
sharded-GSM8K/178,6,0,6,8.167068178341237,1,0,9,3,0.5
sharded-GSM8K/178,7,0,7,8.19836438996762,1,0,9,4,0.6666666666666666
sharded-GSM8K/178,8,0,8,7.516977224604321,0,0,9,5,0.8333333333333334
sharded-GSM8K/178,9,0,9,7.286191714702382,1,0,9,6,1.0
sharded-GSM8K/117,1,0,1,6.206575926724928,1,0,12,1,0.25
sharded-GSM8K/117,3,0,3,8.043663352393944,1,0,12,2,0.5
sharded-GSM8K/117,4,0,4,8.264878262801748,1,0,12,2,0.5
sharded-GSM8K/117,5,0,5,8.10530751550515,1,0,12,2,0.5
sharded-GSM8K/117,7,1,7,7.5480289699350145,1,0,12,3,0.75
sharded-GSM8K/117,8,1,8,8.055475141757274,1,1,12,3,0.75
sharded-GSM8K/117,9,0,9,7.976251943745623,1,1,12,3,0.75
sharded-GSM8K/117,10,0,10,7.055312843339752,0,0,12,3,0.75
sharded-GSM8K/117,11,1,11,7.381501894506707,0,0,12,3,0.75
sharded-GSM8K/117,12,0,12,7.817222785508166,0,1,12,4,1.0
sharded-GSM8K/698,2,1,2,7.844240718141811,1,0,7,2,0.5
sharded-GSM8K/698,3,0,3,7.524021415206125,1,1,7,3,0.75
sharded-GSM8K/698,4,0,4,7.512071245835466,0,0,7,3,0.75
sharded-GSM8K/698,5,0,5,7.4821189235521155,1,0,7,3,0.75
sharded-GSM8K/698,6,0,6,7.831220214604293,1,0,7,3,0.75
sharded-GSM8K/698,7,0,7,7.91862865334224,0,0,7,4,1.0
sharded-GSM8K/856,1,0,1,6.22455842927536,1,0,16,1,0.2
sharded-GSM8K/856,2,0,2,7.449498005382849,1,0,16,2,0.4
sharded-GSM8K/856,3,0,3,7.430114138561801,0,0,16,2,0.4
sharded-GSM8K/856,4,0,4,6.6039438246004725,0,0,16,2,0.4
sharded-GSM8K/856,5,0,5,7.708410667257367,0,0,16,2,0.4
sharded-GSM8K/856,6,0,6,7.604396348796338,0,0,16,2,0.4
sharded-GSM8K/856,7,0,7,6.889591308354466,0,0,16,2,0.4
sharded-GSM8K/856,8,0,8,6.194405391104672,0,0,16,2,0.4
sharded-GSM8K/856,9,0,9,5.771441123130016,0,0,16,2,0.4
sharded-GSM8K/856,10,0,10,7.448333860897476,0,0,16,2,0.4
sharded-GSM8K/856,11,0,11,7.110696122978827,0,0,16,2,0.4
sharded-GSM8K/856,12,0,12,8.158802490694002,1,0,16,3,0.6
sharded-GSM8K/856,13,0,13,7.342131730584722,0,0,16,4,0.8
sharded-GSM8K/856,14,0,14,7.038783541388542,1,0,16,4,0.8
sharded-GSM8K/856,15,0,15,7.520234556474628,0,0,16,4,0.8
sharded-GSM8K/856,16,0,16,7.65491704784832,0,0,16,5,1.0
sharded-GSM8K/107,4,0,4,8.217978203150732,1,0,30,3,0.21428571428571427
sharded-GSM8K/107,6,1,6,8.159660737063376,1,0,30,4,0.2857142857142857
sharded-GSM8K/107,7,1,7,8.469682208745185,1,1,30,5,0.35714285714285715
sharded-GSM8K/107,11,1,11,7.99699040583765,1,1,30,8,0.5714285714285714
sharded-GSM8K/107,12,0,12,8.140898460607852,1,1,30,8,0.5714285714285714
sharded-GSM8K/107,15,0,15,8.331345424845724,1,0,30,9,0.6428571428571429
sharded-GSM8K/107,16,0,16,6.803505257608338,1,0,30,9,0.6428571428571429
sharded-GSM8K/107,17,0,17,6.679599185844383,0,0,30,10,0.7142857142857143
sharded-GSM8K/107,18,1,18,7.342131730584722,1,0,30,11,0.7857142857142857
sharded-GSM8K/107,19,1,19,7.7752758464868625,1,1,30,11,0.7857142857142857
sharded-GSM8K/107,20,0,20,8.492490578775866,1,1,30,11,0.7857142857142857
sharded-GSM8K/107,21,0,21,6.664409020350408,1,0,30,11,0.7857142857142857
sharded-GSM8K/107,22,0,22,8.34212526333359,1,0,30,12,0.8571428571428571
sharded-GSM8K/107,23,0,23,7.723120092266331,1,0,30,12,0.8571428571428571
sharded-GSM8K/107,26,1,26,8.23323750070527,1,0,30,13,0.9285714285714286
sharded-GSM8K/107,27,0,27,8.121480374750751,0,1,30,13,0.9285714285714286
sharded-GSM8K/107,28,0,28,8.33758794211651,0,0,30,13,0.9285714285714286
sharded-GSM8K/107,29,0,29,8.200562797008564,0,0,30,13,0.9285714285714286
sharded-GSM8K/107,30,0,30,7.866338923046544,0,0,30,14,1.0
